{
  "sampleRate": 44100,
  "duration": 0.5,
  "channels": 1,
  "features": {
    "rms": 0.2755322973871343,
    "peak": 1.0980796813964844,
    "zeroCrossings": 750,
    "energy": 0.21402351389032404
  },
  "samples": [
    0,
    0.0264,
    0.0381,
    -0.019,
    -0.0606,
    -0.0318,
    -0.0026,
    0.0014,
    0.0375,
    0.0673,
    0.0063,
    -0.0564,
    0.0021,
    0.0496,
    -0.071,
    -0.1587,
    0.0262,
    0.235,
    0.1023,
    -0.1519,
    -0.0798,
    0.1347,
    -0.011,
    -0.3292,
    -0.179,
    0.358,
    0.5139,
    0.0704,
    -0.3807,
    -0.439,
    -0.2488,
    0.0987,
    0.5507,
    0.6032,
    -0.0909,
    -0.7775,
    -0.4732,
    0.3793,
    0.4973,
    -0.1351,
    -0.3168,
    0.2112,
    0.39,
    -0.1123,
    -0.418,
    -0.1285,
    0.1172,
    0.0172,
    0.054,
    0.3063,
    0.2106,
    -0.2363,
    -0.36,
    -0.0835,
    -0.0049,
    -0.0981,
    0.236,
    0.7064,
    0.3101,
    -0.7588,
    -1.0222,
    -0.0172,
    0.8963,
    0.6427,
    -0.1279,
    -0.4069,
    -0.2628,
    -0.1408,
    0.0335,
    0.2775,
    0.1842,
    -0.1934,
    -0.1688,
    0.2963,
    0.3173,
    -0.3252,
    -0.6141,
    -0.0165,
    0.5455,
    0.2877,
    -0.1636,
    -0.0596,
    0.1375,
    -0.1888,
    -0.5155,
    -0.1314,
    0.5139,
    0.5617,
    0.095,
    -0.2772,
    -0.4419,
    -0.4626,
    -0.0594,
    0.6476,
    0.7476,
    -0.0991,
    -0.794,
    -0.3793,
    0.4097,
    0.3733,
    -0.2212,
    -0.2897,
    0.1847,
    0.3409,
    0.0238,
    -0.1835,
    -0.1526,
    -0.19,
    -0.1571,
    0.2216,
    0.5149,
    0.1825,
    -0.3519,
    -0.3418,
    -0.0091,
    -0.0216,
    -0.1553,
    0.208,
    0.6557,
    0.2754,
    -0.6234,
    -0.7971,
    -0.0296,
    0.5964,
    0.4422,
    0.0139,
    -0.1822,
    -0.2481,
    -0.2186,
    0.0684,
    0.3125,
    0.0524,
    -0.3417,
    -0.1115,
    0.4719,
    0.3936,
    -0.3523,
    -0.6502,
    -0.0958,
    0.4217,
    0.292,
    0.019,
    0.0456,
    0.0053,
    -0.3141,
    -0.3962,
    0.0237,
    0.3983,
    0.3157,
    0.085,
    -0.0453,
    -0.2796,
    -0.5008,
    -0.1711,
    0.5408,
    0.6489,
    -0.0878,
    -0.6126,
    -0.2212,
    0.3447,
    0.2166,
    -0.2342,
    -0.229,
    0.1195,
    0.2477,
    0.1372,
    0.0328,
    -0.1541,
    -0.4076,
    -0.2726,
    0.3162,
    0.6052,
    0.1521,
    -0.3748,
    -0.292,
    0.0155,
    -0.0456,
    -0.1541,
    0.1885,
    0.5321,
    0.1957,
    -0.4513,
    -0.5279,
    -0.0368,
    0.3029,
    0.2529,
    0.1223,
    -0.0098,
    -0.2207,
    -0.2403,
    0.0997,
    0.2973,
    -0.0581,
    -0.4045,
    -0.0539,
    0.5304,
    0.3967,
    -0.3094,
    -0.5818,
    -0.1594,
    0.2535,
    0.2646,
    0.1767,
    0.1269,
    -0.106,
    -0.3834,
    -0.2675,
    0.1349,
    0.2768,
    0.118,
    0.0764,
    0.1124,
    -0.1541,
    -0.4758,
    -0.2156,
    0.4177,
    0.505,
    -0.0768,
    -0.4193,
    -0.0863,
    0.2609,
    0.0877,
    -0.2132,
    -0.1704,
    0.0433,
    0.1568,
    0.2325,
    0.2083,
    -0.1535,
    -0.5636,
    -0.3521,
    0.3706,
    0.6494,
    0.1392,
    -0.3609,
    -0.2541,
    0.0025,
    -0.0729,
    -0.1248,
    0.1919,
    0.4196,
    0.1138,
    -0.3144,
    -0.309,
    -0.044,
    0.0739,
    0.1145,
    0.2091,
    0.1118,
    -0.2083,
    -0.2475,
    0.1381,
    0.2838,
    -0.1588,
    -0.464,
    -0.0061,
    0.5909,
    0.4172,
    -0.2705,
    -0.5478,
    -0.2426,
    0.1077,
    0.268,
    0.3437,
    0.208,
    -0.2171,
    -0.4712,
    -0.1771,
    0.2315,
    0.1944,
    -0.025,
    0.0766,
    0.228,
    -0.0713,
    -0.4564,
    -0.237,
    0.3215,
    0.3759,
    -0.072,
    -0.2506,
    0.0295,
    0.1863,
    -0.0174,
    -0.1881,
    -0.1298,
    -0.04,
    0.0804,
    0.335,
    0.3694,
    -0.161,
    -0.7041,
    -0.4216,
    0.4067,
    0.6774,
    0.1447,
    -0.322,
    -0.2275,
    -0.0408,
    -0.1006,
    -0.0684,
    0.2059,
    0.2915,
    0.0204,
    -0.1762,
    -0.0913,
    -0.0486,
    -0.1349,
    -0.0117,
    0.2698,
    0.2012,
    -0.182,
    -0.2175,
    0.1726,
    0.2363,
    -0.2534,
    -0.4796,
    0.043,
    0.5941,
    0.4061,
    -0.1917,
    -0.4641,
    -0.3247,
    -0.0608,
    0.2591,
    0.4943,
    0.2696,
    -0.3134,
    -0.5176,
    -0.0789,
    0.2972,
    0.1057,
    -0.1408,
    0.0699,
    0.2926,
    0.002,
    -0.3743,
    -0.2132,
    0.1894,
    0.1945,
    -0.0624,
    -0.0527,
    0.141,
    0.0955,
    -0.11,
    -0.1437,
    -0.0935,
    -0.1295,
    0.0098,
    0.4202,
    0.4903,
    -0.1624,
    -0.7741,
    -0.4496,
    0.3917,
    0.6375,
    0.1574,
    -0.2356,
    -0.1959,
    -0.1072,
    -0.1178,
    0.017,
    0.2107,
    0.1286,
    -0.082,
    -0.0256,
    0.1283,
    -0.0459,
    -0.3123,
    -0.1274,
    0.2854,
    0.2498,
    -0.1285,
    -0.1415,
    0.1929,
    0.1482,
    -0.3303,
    -0.4414,
    0.0884,
    0.5348,
    0.3638,
    -0.0812,
    -0.3423,
    -0.3957,
    -0.2272,
    0.2405,
    0.6067,
    0.302,
    -0.3806,
    -0.5148,
    0.0146,
    0.3241,
    0.0222,
    -0.2179,
    0.0522,
    0.2993,
    0.0639,
    -0.2352,
    -0.1505,
    0.0324,
    -0.0188,
    -0.0489,
    0.1507,
    0.2384,
    0.0047,
    -0.1796,
    -0.093,
    -0.0706,
    -0.2106,
    -0.0413,
    0.4776,
    0.5538,
    -0.1574,
    -0.7646,
    -0.4342,
    0.327,
    0.5368,
    0.176,
    -0.1163,
    -0.1642,
    -0.1835,
    -0.1179,
    0.1179,
    0.1998,
    -0.0505,
    -0.1785,
    0.1205,
    0.3248,
    -0.0327,
    -0.4368,
    -0.2252,
    0.2483,
    0.2545,
    -0.0473,
    -0.0264,
    0.1939,
    0.028,
    -0.3815,
    -0.3564,
    0.1243,
    0.4246,
    0.2991,
    0.0447,
    -0.2018,
    -0.4457,
    -0.3667,
    0.2141,
    0.6625,
    0.2998,
    -0.4077,
    -0.4609,
    0.0923,
    0.3101,
    -0.0458,
    -0.2518,
    0.0207,
    0.2499,
    0.1148,
    -0.053,
    -0.0606,
    -0.1346,
    -0.2391,
    -0.0342,
    0.335,
    0.3143,
    -0.0698,
    -0.2194,
    -0.0491,
    -0.0666,
    -0.2692,
    -0.0633,
    0.4989,
    0.5508,
    -0.1455,
    -0.6762,
    -0.3787,
    0.2211,
    0.3895,
    0.1964,
    0.0167,
    -0.1356,
    -0.2534,
    -0.0971,
    0.2177,
    0.1688,
    -0.225,
    -0.2559,
    0.2457,
    0.4775,
    -0.0066,
    -0.4944,
    -0.3005,
    0.1586,
    0.2187,
    0.0576,
    0.1145,
    0.1736,
    -0.1101,
    -0.4017,
    -0.2377,
    0.1462,
    0.2812,
    0.222,
    0.1666,
    -0.063,
    -0.4649,
    -0.4577,
    0.1812,
    0.6495,
    0.2621,
    -0.389,
    -0.3609,
    0.1465,
    0.2598,
    -0.0909,
    -0.2451,
    -0.0257,
    0.1545,
    0.1563,
    0.1521,
    0.0421,
    -0.2939,
    -0.4407,
    -0.0219,
    0.4774,
    0.3641,
    -0.1142,
    -0.227,
    -0.0233,
    -0.0826,
    -0.2943,
    -0.0524,
    0.4788,
    0.481,
    -0.1261,
    -0.5196,
    -0.2906,
    0.0887,
    0.2149,
    0.2118,
    0.142,
    -0.1114,
    -0.3003,
    -0.0546,
    0.2995,
    0.1161,
    -0.3748,
    -0.3042,
    0.336,
    0.5721,
    0.0337,
    -0.4806,
    -0.3514,
    0.0245,
    0.151,
    0.1773,
    0.2635,
    0.1337,
    -0.2482,
    -0.3893,
    -0.1029,
    0.1517,
    0.1259,
    0.142,
    0.2654,
    0.0563,
    -0.4461,
    -0.4856,
    0.1424,
    0.5645,
    0.1926,
    -0.3253,
    -0.2254,
    0.1739,
    0.1829,
    -0.1097,
    -0.2067,
    -0.0855,
    0.0298,
    0.1901,
    0.3557,
    0.1417,
    -0.4277,
    -0.5999,
    -0.0161,
    0.5607,
    0.3865,
    -0.1203,
    -0.2047,
    -0.0225,
    -0.1149,
    -0.2795,
    -0.0112,
    0.4166,
    0.3532,
    -0.0996,
    -0.3137,
    -0.1803,
    -0.0515,
    0.0345,
    0.2145,
    0.2393,
    -0.0906,
    -0.3102,
    0.0066,
    0.349,
    0.0441,
    -0.483,
    -0.3183,
    0.3816,
    0.6024,
    0.0871,
    -0.4007,
    -0.3784,
    -0.1384,
    0.064,
    0.2988,
    0.4005,
    0.0788,
    -0.3676,
    -0.3467,
    0.0292,
    0.1412,
    -0.0199,
    0.0671,
    0.3247,
    0.1426,
    -0.3851,
