{
  "sampleRate": 44100,
  "duration": 0.5,
  "channels": 1,
  "features": {
    "rms": 0.23896357981051697,
    "peak": 0.8399391770362854,
    "zeroCrossings": 990,
    "energy": 0.1870265850316143
  },
  "samples": [
    0,
    0.0217,
    0.0024,
    -0.0493,
    -0.0055,
    0.0395,
    0.0009,
    0.0043,
    0.0154,
    -0.0532,
    -0.0352,
    0.0679,
    0.0391,
    -0.0204,
    -0.0064,
    -0.0877,
    -0.07,
    0.2222,
    0.1724,
    -0.3305,
    -0.2597,
    0.3663,
    0.2837,
    -0.3132,
    -0.2144,
    0.1944,
    0.0614,
    -0.0626,
    0.1198,
    -0.0243,
    -0.2451,
    0.0308,
    0.2365,
    0.0395,
    -0.0617,
    -0.1471,
    -0.2426,
    0.2385,
    0.5759,
    -0.2746,
    -0.8098,
    0.2452,
    0.8002,
    -0.1857,
    -0.581,
    0.1498,
    0.2405,
    -0.1624,
    0.0886,
    0.2127,
    -0.2806,
    -0.2594,
    0.266,
    0.2531,
    -0.0575,
    -0.1657,
    -0.2583,
    0.0101,
    0.5585,
    0.1599,
    -0.7335,
    -0.2707,
    0.73,
    0.2635,
    -0.567,
    -0.1252,
    0.3228,
    -0.0995,
    -0.0978,
    0.3217,
    -0.0273,
    -0.4431,
    0.0221,
    0.3985,
    0.0871,
    -0.1869,
    -0.2367,
    -0.124,
    0.3576,
    0.4218,
    -0.4068,
    -0.594,
    0.3826,
    0.574,
    -0.3186,
    -0.3695,
    0.2614,
    0.061,
    -0.2438,
    0.2299,
    0.2673,
    -0.389,
    -0.3032,
    0.3547,
    0.3097,
    -0.1415,
    -0.2579,
    -0.1676,
    0.1511,
    0.4562,
    -0.0279,
    -0.6212,
    -0.0536,
    0.6128,
    0.0442,
    -0.4509,
    0.0691,
    0.212,
    -0.2517,
    0.0048,
    0.4306,
    -0.1198,
    -0.5241,
    0.1016,
    0.4777,
    0.0251,
    -0.2909,
    -0.1962,
    0.0226,
    0.3401,
    0.2301,
    -0.4086,
    -0.3699,
    0.3941,
    0.3404,
    -0.3264,
    -0.1508,
    0.2532,
    -0.1257,
    -0.2134,
    0.3801,
    0.2188,
    -0.5106,
    -0.2506,
    0.4638,
    0.2734,
    -0.2557,
    -0.2571,
    -0.036,
    0.1963,
    0.3029,
    -0.1161,
    -0.4506,
    0.0609,
    0.4341,
    -0.0718,
    -0.2739,
    0.1625,
    0.0439,
    -0.308,
    0.1612,
    0.4507,
    -0.2643,
    -0.5242,
    0.235,
    0.4832,
    -0.0974,
    -0.3274,
    -0.0856,
    0.106,
    0.2418,
    0.099,
    -0.3203,
    -0.2056,
    0.3098,
    0.1669,
    -0.2377,
    0.0076,
    0.1517,
    -0.2528,
    -0.0953,
    0.473,
    0.0878,
    -0.5798,
    -0.1185,
    0.528,
    0.1569,
    -0.3341,
    -0.1717,
    0.0699,
    0.1501,
    0.1669,
    -0.1057,
    -0.2912,
    0.0713,
    0.2641,
    -0.0811,
    -0.1063,
    0.1499,
    -0.1126,
    -0.2618,
    0.3037,
    0.3734,
    -0.3952,
    -0.432,
    0.359,
    0.4005,
    -0.2185,
    -0.2779,
    0.0346,
    0.1037,
    0.1225,
    0.0553,
    -0.2027,
    -0.1322,
    0.1917,
    0.0867,
    -0.1134,
    0.0741,
    0.015,
    -0.2947,
    0.0563,
    0.4913,
    -0.0746,
    -0.5853,
    0.0439,
    0.5355,
    0.0085,
    -0.3565,
    -0.0493,
    0.1139,
    0.0583,
    0.1008,
    -0.0394,
    -0.2071,
    0.0171,
    0.1672,
    -0.0225,
    -0.0006,
    0.0738,
    -0.2247,
    -0.1635,
    0.4203,
    0.2578,
    -0.513,
    -0.3115,
    0.4729,
    0.2898,
    -0.3227,
    -0.1883,
    0.1257,
    0.0401,
    0.0426,
    0.0949,
    -0.1253,
    -0.1538,
    0.1052,
    0.099,
    -0.0075,
    0.0623,
    -0.1154,
    -0.277,
    0.2089,
    0.4653,
    -0.2401,
    -0.5522,
    0.2084,
    0.4994,
    -0.1415,
    -0.3227,
    0.0773,
    0.0879,
    -0.0439,
    0.1146,
    0.0459,
    -0.2054,
    -0.0643,
    0.1486,
    0.0692,
    0.0343,
    -0.0384,
    -0.2728,
    -0.0278,
    0.4762,
    0.1038,
    -0.5697,
    -0.1506,
    0.5238,
    0.1356,
    -0.3634,
    -0.0521,
    0.1558,
    -0.0728,
    0.0184,
    0.1859,
    -0.098,
    -0.2302,
    0.0642,
    0.171,
    0.0561,
    -0.0147,
    -0.2053,
    -0.1892,
    0.3218,
    0.3654,
    -0.3661,
    -0.4435,
    0.3341,
    0.3878,
    -0.2542,
    -0.215,
    0.1696,
    -0.01,
    -0.1163,
    0.1986,
    0.107,
    -0.2738,
    -0.1277,
    0.2015,
    0.1488,
    -0.0055,
    -0.1437,
    -0.2424,
    0.1049,
    0.4499,
    -0.0496,
    -0.5419,
    0.0109,
    0.4896,
    -0.0199,
    -0.3203,
    0.0865,
    0.1051,
    -0.19,
    0.0713,
    0.2848,
    -0.1444,
    -0.3195,
    0.0945,
    0.262,
    0.0493,
    -0.1172,
    -0.2243,
    -0.0697,
    0.3624,
    0.2291,
    -0.4182,
    -0.2954,
    0.3851,
    0.2358,
    -0.2926,
    -0.0669,
    0.1897,
    -0.148,
    -0.1203,
    0.3232,
    0.1042,
    -0.3848,
    -0.1321,
    0.301,
    0.1739,
    -0.0971,
    -0.198,
    -0.154,
    0.1888,
    0.3601,
    -0.1553,
    -0.4465,
    0.1251,
    0.3856,
    -0.1283,
    -0.2071,
    0.1787,
    -0.0147,
    -0.2628,
    0.1917,
    0.3427,
    -0.2574,
    -0.3731,
    0.1916,
    0.3234,
    -0.0262,
    -0.1966,
    -0.1713,
    0.0324,
    0.327,
    0.106,
    -0.3906,
    -0.158,
    0.3535,
    0.0932,
    -0.2473,
    0.0719,
    0.1265,
    -0.2772,
    -0.0427,
    0.4407,
    0.0225,
    -0.4919,
    -0.0602,
    0.4019,
    0.1249,
    -0.1967,
    -0.1792,
    -0.0507,
    0.1995,
    0.249,
    -0.1865,
    -0.3248,
    0.1629,
    0.2523,
    -0.1588,
    -0.0635,
    0.1924,
    -0.1649,
    -0.2579,
    0.3426,
    0.3255,
    -0.4017,
    -0.3553,
    0.3226,
    0.3183,
    -0.1398,
    -0.2141,
    -0.0748,
    0.0765,
    0.2421,
    0.0382,
    -0.308,
    -0.0749,
    0.2625,
    0.0052,
    -0.1398,
    0.1555,
    0.0001,
    -0.3509,
    0.0981,
    0.5039,
    -0.1217,
    -0.548,
    0.0737,
    0.4566,
    0.0133,
    -0.2563,
    -0.0961,
    0.0192,
    0.1427,
    0.1655,
    -0.1464,
    -0.2265,
    0.1256,
    0.14,
    -0.1105,
    0.06,
    0.1249,
    -0.2952,
    -0.1709,
    0.4739,
    0.2268,
    -0.528,
    -0.258,
    0.4389,
    0.2361,
    -0.2437,
    -0.1568,
    0.0185,
    0.0471,
    0.1537,
    0.0441,
    -0.2155,
    -0.0669,
    0.1568,
    -0.0052,
    -0.0143,
    0.159,
    -0.1461,
    -0.3428,
    0.2594,
    0.485,
    -0.2871,
    -0.5237,
    0.23,
    0.4345,
    -0.1231,
    -0.2439,
    0.0156,
    0.0218,
    0.0525,
    0.1454,
    -0.0672,
    -0.1893,
    0.0433,
    0.0884,
    -0.0123,
    0.122,
    0.0037,
    -0.3626,
    -0.028,
    0.5417,
    0.0714,
    -0.5917,
    -0.104,
    0.4955,
    0.0974,
    -0.2927,
    -0.0428,
    0.0627,
    -0.0404,
    0.1082,
    0.1108,
    -0.1606,
    -0.1238,
    0.0846,
    0.0541,
    0.0799,
    0.0882,
    -0.262,
    -0.2568,
    0.3907,
    0.3863,
    -0.4229,
    -0.4196,
    0.3583,
    0.3343,
    -0.2344,
    -0.1558,
    0.1068,
    -0.049,
    -0.023,
    0.1976,
    0.0036,
    -0.2249,
    -0.0367,
    0.1116,
    0.0889,
    0.1059,
    -0.1244,
    -0.3486,
    0.1244,
    0.5257,
    -0.0949,
    -0.5708,
    0.0618,
    0.4688,
    -0.054,
    -0.2616,
    0.0857,
    0.031,
    -0.1455,
    0.1343,
    0.1998,
    -0.1741,
    -0.2087,
    0.0791,
    0.1475,
    0.1076,
    -0.0227,
    -0.3104,
    -0.1259,
    0.4531,
    0.2397,
    -0.4892,
    -0.2662,
    0.4176,
    0.1846,
    -0.2791,
    -0.0187,
    0.1351,
    -0.1688,
    -0.0407,
    0.3,
    0.0219,
    -0.3137,
    -0.0692,
    0.1927,
    0.1465,
    0.0264,
    -0.2116,
    -0.2658,
    0.2373,
    0.4366,
    -0.2225,
    -0.4745,
    0.1892,
    0.3663,
    -0.1681,
    -0.156,
    0.179,
    -0.0731,
    -0.219,
    0.2312,
    0.2621,
    -0.2576,
    -0.2729,
    0.1447,
    0.2267,
    0.0617,
    -0.1252,
    -0.2816,
    0.0013,
    0.4348,
    0.0936,
    -0.472,
    -0.1117,
    0.3923,
    0.0333,
    -0.2397,
    0.1206,
    0.0817,
    -0.292,
    0.0203,
    0.4085,
    -0.035,
    -0.4132,
    -0.0292,
    0.2905,
    0.1332,
    -0.0766,
    -0.2282,
    -0.1529,
    0.2789,
    0.3121,
    -0.2773,
    -0.3393,
    0.2429,
    0.2235,
    -0.2081,
    -0.0098,
    0.1994,
    -0.2174,
    -0.2223,
    0.3683,
    0.2582,
    -0.3831,
    -0.2759,
    0.2556,
    0.2495,
    -0.0346,
    -0.1758,
