{
  "sampleRate": 44100,
  "duration": 0.5,
  "channels": 1,
  "features": {
    "rms": 0.23849659740816664,
    "peak": 0.8111265897750854,
    "zeroCrossings": 658,
    "energy": 0.1863922639071905
  },
  "samples": [
    0,
    0.0189,
    0.0375,
    0.0034,
    -0.0584,
    -0.0691,
    -0.0078,
    0.0533,
    0.0466,
    0.001,
    -0.0079,
    0.0241,
    0.0225,
    -0.0447,
    -0.0987,
    -0.0511,
    0.0622,
    0.1144,
    0.0568,
    -0.019,
    -0.0239,
    -0.01,
    -0.0782,
    -0.1735,
    -0.0995,
    0.1919,
    0.4211,
    0.2461,
    -0.2738,
    -0.6235,
    -0.3707,
    0.2911,
    0.6882,
    0.4038,
    -0.2449,
    -0.5721,
    -0.302,
    0.1689,
    0.3084,
    0.0792,
    -0.1095,
    -0.0008,
    0.1749,
    0.0906,
    -0.1961,
    -0.3221,
    -0.1112,
    0.2012,
    0.2884,
    0.132,
    -0.0295,
    -0.0719,
    -0.1146,
    -0.2378,
    -0.2551,
    0.0461,
    0.4906,
    0.5726,
    0.0515,
    -0.6354,
    -0.76,
    -0.13,
    0.6309,
    0.7449,
    0.1403,
    -0.4984,
    -0.5333,
    -0.06,
    0.3059,
    0.2075,
    -0.0896,
    -0.1342,
    0.1061,
    0.2478,
    0.0418,
    -0.2874,
    -0.3384,
    -0.0436,
    0.27,
    0.3042,
    0.1113,
    -0.0655,
    -0.1363,
    -0.1934,
    -0.2431,
    -0.1164,
    0.2433,
    0.5365,
    0.3634,
    -0.2419,
    -0.7078,
    -0.508,
    0.2034,
    0.7028,
    0.4881,
    -0.1639,
    -0.5382,
    -0.305,
    0.1579,
    0.2898,
    0.0262,
    -0.1971,
    -0.058,
    0.2395,
    0.2615,
    -0.0736,
    -0.385,
    -0.3083,
    0.0697,
    0.348,
    0.2941,
    0.0483,
    -0.1372,
    -0.2001,
    -0.2173,
    -0.1706,
    0.0462,
    0.3639,
    0.4612,
    0.1128,
    -0.436,
    -0.6282,
    -0.2096,
    0.4214,
    0.6145,
    0.1946,
    -0.3469,
    -0.4341,
    -0.0619,
    0.2595,
    0.1639,
    -0.1433,
    -0.2013,
    0.0886,
    0.3399,
    0.1895,
    -0.2287,
    -0.4425,
    -0.2108,
    0.2106,
    0.3983,
    0.233,
    -0.052,
    -0.2114,
    -0.2253,
    -0.1773,
    -0.0563,
    0.1776,
    0.3869,
    0.3073,
    -0.1076,
    -0.5031,
    -0.4474,
    0.0532,
    0.4962,
    0.4241,
    -0.052,
    -0.3877,
    -0.2482,
    0.12,
    0.2349,
    -0.0101,
    -0.2386,
    -0.1038,
    0.2487,
    0.3593,
    0.0402,
    -0.3747,
    -0.4234,
    -0.0539,
    0.3403,
    0.3887,
    0.12,
    -0.1608,
    -0.2519,
    -0.1959,
    -0.0936,
    0.0542,
    0.2442,
    0.3272,
    0.1325,
    -0.25,
    -0.4574,
    -0.2343,
    0.2253,
    0.4462,
    0.2068,
    -0.1987,
    -0.3119,
    -0.0559,
    0.1973,
    0.1178,
    -0.162,
    -0.23,
    0.056,
    0.3612,
    0.281,
    -0.1457,
    -0.4605,
    -0.3175,
    0.127,
    0.4171,
    0.3089,
    -0.0206,
    -0.2439,
    -0.2412,
    -0.1242,
    -0.0019,
    0.1283,
    0.2491,
    0.2299,
    -0.0128,
    -0.3125,
    -0.3566,
    -0.0527,
    0.3048,
    0.3378,
    0.0297,
    -0.248,
    -0.1863,
    0.0858,
    0.181,
    -0.0345,
    -0.2569,
    -0.1387,
    0.2362,
    0.4175,
    0.1358,
    -0.3413,
    -0.4984,
    -0.1618,
    0.3127,
    0.4569,
    0.1898,
    -0.1665,
    -0.2973,
    -0.1936,
    -0.0372,
    0.0727,
    0.1638,
    0.221,
    0.1343,
    -0.1151,
    -0.3218,
    -0.2438,
    0.0792,
    0.3145,
    0.2115,
    -0.0882,
    -0.2184,
    -0.048,
    0.1558,
    0.085,
    -0.1841,
    -0.2661,
    0.0268,
    0.3943,
    0.3768,
    -0.0755,
    -0.5,
    -0.4359,
    0.0525,
    0.4591,
    0.4062,
    0.0193,
    -0.2868,
    -0.2852,
    -0.1002,
    0.0484,
    0.1105,
    0.1549,
    0.1674,
    0.0515,
    -0.1688,
    -0.2837,
    -0.1328,
    0.1527,
    0.2654,
    0.0925,
    -0.1337,
    -0.1305,
    0.0633,
    0.138,
    -0.0591,
    -0.2802,
    -0.1747,
    0.2257,
    0.4752,
    0.2295,
    -0.3066,
    -0.5698,
    -0.2709,
    0.2782,
    0.5218,
    0.2672,
    -0.1616,
    -0.344,
    -0.2056,
    0.0095,
    0.1006,
    0.1022,
    0.1186,
    0.1175,
    0.0005,
    -0.1816,
    -0.2288,
    -0.0515,
    0.1716,
    0.1934,
    0.0149,
    -0.1127,
    -0.0286,
    0.1106,
    0.045,
    -0.1986,
    -0.2862,
    -0.0043,
    0.3989,
    0.446,
    0.005,
    -0.4965,
    -0.5227,
    -0.036,
    0.458,
    0.4772,
    0.07,
    -0.3038,
    -0.3177,
    -0.0807,
    0.0972,
    0.0999,
    0.059,
    0.0833,
    0.0934,
    -0.019,
    -0.1759,
    -0.1845,
    -0.0079,
    0.1583,
    0.1336,
    -0.0091,
    -0.0533,
    0.0444,
    0.0824,
    -0.0853,
    -0.2836,
    -0.1953,
    0.1973,
    0.4931,
    0.3054,
    -0.2423,
    -0.5924,
    -0.3626,
    0.2133,
    0.5438,
    0.3322,
    -0.1352,
    -0.3669,
    -0.2142,
    0.0491,
    0.1304,
    0.0481,
    0.0091,
    0.076,
    0.1,
    -0.0249,
    -0.1774,
    -0.1642,
    0.0097,
    0.1424,
    0.1071,
    0.0089,
    0.0064,
    0.0611,
    -0.0047,
    -0.2043,
    -0.2837,
    -0.0315,
    0.3725,
    0.4776,
    0.0855,
    -0.4496,
    -0.5665,
    -0.1264,
    0.4151,
    0.5126,
    0.1238,
    -0.2933,
    -0.3332,
    -0.0658,
    0.1394,
    0.0954,
    -0.0305,
    -0.0139,
    0.1094,
    0.1228,
    -0.043,
    -0.202,
    -0.1618,
    0.0253,
    0.147,
    0.1142,
    0.0412,
    0.0337,
    0.0188,
    -0.1144,
    -0.2699,
    -0.1968,
    0.1584,
    0.4715,
    0.3538,
    -0.1589,
    -0.5647,
    -0.425,
    0.1275,
    0.52,
    0.375,
    -0.0919,
    -0.3622,
    -0.2155,
    0.0789,
    0.1574,
    0.0046,
    -0.0974,
    0.0149,
    0.1748,
    0.1334,
    -0.0944,
    -0.2478,
    -0.1563,
    0.0619,
    0.1785,
    0.1362,
    0.0566,
    0.0136,
    -0.062,
    -0.2046,
    -0.2597,
    -0.0489,
    0.3213,
    0.4684,
    0.1545,
    -0.3669,
    -0.5618,
    -0.2061,
    0.3363,
    0.5066,
    0.1716,
    -0.2567,
    -0.3269,
    -0.0536,
    0.1705,
    0.0947,
    -0.1069,
    -0.1143,
    0.0998,
    0.2441,
    0.1021,
    -0.1839,
    -0.2944,
    -0.1219,
    0.1301,
    0.224,
    0.1458,
    0.0347,
    -0.0469,
    -0.147,
    -0.2429,
    -0.1781,
    0.1164,
    0.4146,
    0.3678,
    -0.0682,
    -0.4903,
    -0.4488,
    0.0325,
    0.4524,
    0.3874,
    -0.0389,
    -0.3288,
    -0.2051,
    0.0979,
    0.1769,
    -0.0278,
    -0.1917,
    -0.0581,
    0.22,
    0.2787,
    0.0115,
    -0.295,
    -0.3109,
    -0.0413,
    0.2215,
    0.2576,
    0.1194,
    -0.0262,
    -0.1226,
    -0.2023,
    -0.2176,
    -0.0524,
    0.2535,
    0.4195,
    0.2018,
    -0.2591,
    -0.5077,
    -0.2632,
    0.2313,
    0.4569,
    0.2045,
    -0.1986,
    -0.2961,
    -0.0414,
    0.1877,
    0.0943,
    -0.166,
    -0.2079,
    0.0684,
    0.3351,
    0.245,
    -0.1332,
    -0.3936,
    -0.2692,
    0.0843,
    0.31,
    0.2515,
    0.0489,
    -0.1081,
    -0.1818,
    -0.2075,
    -0.1405,
    0.0783,
    0.33,
    0.3445,
    0.0175,
    -0.3776,
    -0.4287,
    -0.0586,
    0.3474,
    0.3641,
    0.0154,
    -0.2686,
    -0.1796,
    0.1072,
    0.1851,
    -0.0501,
    -0.2667,
    -0.1339,
    0.2343,
    0.3979,
    0.1286,
    -0.3028,
    -0.4395,
    -0.1567,
    0.2322,
    0.3615,
    0.1893,
    -0.0535,
    -0.1812,
    -0.1996,
    -0.1627,
    -0.0403,
    0.1783,
    0.336,
    0.2205,
    -0.1394,
    -0.4086,
    -0.2884,
    0.1125,
    0.3662,
    0.2149,
    -0.1262,
    -0.2401,
    -0.0258,
    0.19,
    0.0903,
    -0.2062,
    -0.2855,
    0.0216,
    0.3897,
    0.3715,
    -0.0573,
    -0.4511,
    -0.4018,
    0.0149,
    0.3638,
    0.348,
    0.0752,
    -0.1587,
    -0.2162,
    -0.1683,
    -0.0878,
    0.0495,
    0.2272,
    0.2852,
    0.0871,
    -0.2385,
    -0.3642,
    -0.1337,
    0.2152,
    0.3036,
    0.062,
    -0.1865,
    -0.1366,
    0.1091,
    0.1793,
    -0.0649,
    -0.3175,
    -0.203,
    0.2204,
    0.4809,
    0.2436,
    -0.2732,
    -0.53,
    -0.2717,
    0.2105,
    0.4377,
    0.2593,
    -0.0655,
    -0.2319,
    -0.1972,
    -0.1008,
    -0.0133,
    0.1042,
    0.2263,
    0.2068,
    -0.0211,
    -0.2734,
    -0.2763,
    -0.0066,
