{
  "sampleRate": 44100,
  "duration": 0.5,
  "channels": 1,
  "features": {
    "rms": 0.23901060658274287,
    "peak": 0.8006076216697693,
    "zeroCrossings": 650,
    "energy": 0.18634420413333974
  },
  "samples": [
    0,
    0.0187,
    0.0383,
    0.0073,
    -0.0539,
    -0.0724,
    -0.0228,
    0.0378,
    0.0515,
    0.0332,
    0.0269,
    0.0214,
    -0.0308,
    -0.1079,
    -0.1052,
    0.0246,
    0.1625,
    0.1392,
    -0.0393,
    -0.1639,
    -0.0779,
    0.1014,
    0.1168,
    -0.0781,
    -0.2178,
    -0.0561,
    0.2721,
    0.3598,
    0.0266,
    -0.4096,
    -0.4661,
    -0.0574,
    0.3999,
    0.4653,
    0.1435,
    -0.2025,
    -0.3131,
    -0.2477,
    -0.1458,
    0.0239,
    0.3201,
    0.5245,
    0.3049,
    -0.3031,
    -0.7537,
    -0.5254,
    0.2335,
    0.7782,
    0.5625,
    -0.1536,
    -0.612,
    -0.4114,
    0.104,
    0.336,
    0.1418,
    -0.1004,
    -0.0608,
    0.1285,
    0.1235,
    -0.1192,
    -0.2807,
    -0.1282,
    0.161,
    0.2435,
    0.0683,
    -0.084,
    -0.0234,
    0.0761,
    -0.0463,
    -0.2971,
    -0.2813,
    0.1518,
    0.5925,
    0.4846,
    -0.1767,
    -0.744,
    -0.6084,
    0.109,
    0.6866,
    0.5948,
    0.0203,
    -0.4344,
    -0.4344,
    -0.1572,
    0.0727,
    0.1765,
    0.2532,
    0.2766,
    0.0875,
    -0.2873,
    -0.5037,
    -0.2593,
    0.2728,
    0.5518,
    0.2752,
    -0.2451,
    -0.4352,
    -0.1341,
    0.2389,
    0.2274,
    -0.099,
    -0.2663,
    -0.0271,
    0.3178,
    0.3086,
    -0.0836,
    -0.4179,
    -0.3245,
    0.07,
    0.3395,
    0.2727,
    0.046,
    -0.0935,
    -0.1365,
    -0.2019,
    -0.2415,
    -0.0615,
    0.3252,
    0.5496,
    0.2642,
    -0.3648,
    -0.7233,
    -0.4015,
    0.3105,
    0.7054,
    0.4219,
    -0.1911,
    -0.5096,
    -0.3173,
    0.0559,
    0.2135,
    0.1312,
    0.0504,
    0.0744,
    0.0564,
    -0.1084,
    -0.2577,
    -0.1609,
    0.1289,
    0.2888,
    0.1298,
    -0.1421,
    -0.1832,
    0.0335,
    0.177,
    0.0086,
    -0.2675,
    -0.2424,
    0.1472,
    0.4761,
    0.3195,
    -0.2127,
    -0.5669,
    -0.37,
    0.1605,
    0.4893,
    0.3564,
    -0.0137,
    -0.2562,
    -0.2634,
    -0.1685,
    -0.0598,
    0.1104,
    0.3193,
    0.3545,
    0.0527,
    -0.3919,
    -0.5326,
    -0.1652,
    0.3766,
    0.5445,
    0.1832,
    -0.2984,
    -0.4038,
    -0.101,
    0.2007,
    0.1793,
    -0.0423,
    -0.1221,
    0.034,
    0.177,
    0.079,
    -0.1542,
    -0.2311,
    -0.0612,
    0.143,
    0.1621,
    0.0421,
    -0.0184,
    0.0227,
    0.0032,
    -0.1574,
    -0.2659,
    -0.0816,
    0.3054,
    0.4811,
    0.1753,
    -0.3634,
    -0.587,
    -0.2498,
    0.3091,
    0.5411,
    0.2726,
    -0.1662,
    -0.3576,
    -0.2289,
    -0.0155,
    0.0939,
    0.1319,
    0.1761,
    0.1589,
    -0.0236,
    -0.2721,
    -0.3154,
    -0.0436,
    0.2919,
    0.3298,
    0.0312,
    -0.2563,
    -0.213,
    0.0657,
    0.2027,
    0.0264,
    -0.2111,
    -0.1654,
    0.1437,
    0.3403,
    0.1586,
    -0.2214,
    -0.3857,
    -0.1717,
    0.1713,
    0.3065,
    0.1783,
    -0.011,
    -0.1089,
    -0.153,
    -0.1984,
    -0.1521,
    0.0878,
    0.379,
    0.3917,
    0.0013,
    -0.4673,
    -0.5284,
    -0.0809,
    0.4385,
    0.5164,
    0.1168,
    -0.3126,
    -0.365,
    -0.0932,
    0.142,
    0.1361,
    0.0242,
    0.0129,
    0.0804,
    0.0497,
    -0.109,
    -0.2018,
    -0.0783,
    0.1359,
    0.1857,
    0.0259,
    -0.1144,
    -0.0463,
    0.1093,
    0.0823,
    -0.1522,
    -0.2886,
    -0.0728,
    0.3226,
    0.4457,
    0.0988,
    -0.3898,
    -0.5126,
    -0.148,
    0.3205,
    0.449,
    0.192,
    -0.1351,
    -0.2621,
    -0.2037,
    -0.103,
    0.0077,
    0.1735,
    0.3139,
    0.2297,
    -0.1158,
    -0.4333,
    -0.3697,
    0.0623,
    0.4362,
    0.3681,
    -0.0455,
    -0.3426,
    -0.2357,
    0.0795,
    0.2045,
    0.0348,
    -0.1496,
    -0.0811,
    0.1456,
    0.2151,
    0.0137,
    -0.2254,
    -0.2268,
    -0.0107,
    0.1661,
    0.1509,
    0.0491,
    0.0142,
    0.0119,
    -0.09,
    -0.2479,
    -0.2211,
    0.0993,
    0.4457,
    0.409,
    -0.0645,
    -0.5322,
    -0.5069,
    -0.0016,
    0.4748,
    0.4746,
    0.0695,
    -0.2951,
    -0.3197,
    -0.1111,
    0.0576,
    0.0975,
    0.1153,
    0.1572,
    0.1089,
    -0.095,
    -0.2857,
    -0.2215,
    0.08,
    0.3037,
    0.1991,
    -0.1005,
    -0.2318,
    -0.0556,
    0.1683,
    0.1222,
    -0.1449,
    -0.2665,
    -0.0331,
    0.3132,
    0.3534,
    0.0038,
    -0.3709,
    -0.3794,
    -0.0401,
    0.2821,
    0.3111,
    0.1164,
    -0.0685,
    -0.1499,
    -0.1913,
    -0.1994,
    -0.0628,
    0.2291,
    0.4304,
    0.2593,
    -0.2159,
    -0.5483,
    -0.3713,
    0.1641,
    0.5209,
    0.3597,
    -0.1024,
    -0.3701,
    -0.2326,
    0.0589,
    0.1605,
    0.0452,
    -0.0445,
    0.0284,
    0.121,
    0.0471,
    -0.1347,
    -0.1908,
    -0.0376,
    0.1367,
    0.1271,
    -0.0123,
    -0.0573,
    0.0526,
    0.1126,
    -0.0501,
    -0.2811,
    -0.2446,
    0.127,
    0.4677,
    0.365,
    -0.1351,
    -0.5342,
    -0.4233,
    0.0703,
    0.4463,
    0.3856,
    0.0394,
    -0.2276,
    -0.2532,
    -0.1505,
    -0.0497,
    0.0668,
    0.2254,
    0.2939,
    0.1071,
    -0.2488,
    -0.429,
    -0.2024,
    0.2316,
    0.4235,
    0.1822,
    -0.2011,
    -0.3005,
    -0.0566,
    0.1841,
    0.1244,
    -0.1182,
    -0.1902,
    0.0265,
    0.2613,
    0.2062,
    -0.0928,
    -0.2996,
    -0.2028,
    0.056,
    0.1994,
    0.1517,
    0.0579,
    0.0182,
    -0.0436,
    -0.1926,
    -0.2831,
    -0.1021,
    0.2882,
    0.5027,
    0.2415,
    -0.3058,
    -0.5983,
    -0.324,
    0.2421,
    0.5363,
    0.3156,
    -0.1255,
    -0.341,
    -0.2174,
    0.0008,
    0.0848,
    0.069,
    0.0939,
    0.1411,
    0.0647,
    -0.1423,
    -0.2628,
    -0.1206,
    0.1545,
    0.2511,
    0.065,
    -0.1569,
    -0.1311,
    0.0884,
    0.1747,
    -0.0315,
    -0.2814,
    -0.2158,
    0.1589,
    0.4322,
    0.2655,
    -0.1934,
    -0.4686,
    -0.2931,
    0.1194,
    0.3586,
    0.2692,
    0.0338,
    -0.1259,
    -0.1838,
    -0.2072,
    -0.1575,
    0.0556,
    0.3386,
    0.3982,
    0.0723,
    -0.3883,
    -0.5176,
    -0.1507,
    0.352,
    0.483,
    0.1468,
    -0.2582,
    -0.3194,
    -0.0625,
    0.1507,
    0.099,
    -0.0624,
    -0.0675,
    0.0886,
    0.1645,
    0.0238,
    -0.172,
    -0.1829,
    -0.009,
    0.1259,
    0.0876,
    -0.0034,
    0.0213,
    0.1048,
    0.0381,
    -0.2014,
    -0.333,
    -0.1024,
    0.3356,
    0.5138,
    0.1804,
    -0.3667,
    -0.5747,
    -0.2402,
    0.2805,
    0.4845,
    0.2516,
    -0.1086,
    -0.2679,
    -0.2032,
    -0.0883,
    -0.0029,
    0.1125,
    0.2468,
    0.2348,
    -0.0204,
    -0.3261,
    -0.3511,
    -0.0259,
    0.3217,
    0.3209,
    -0.0037,
    -0.2615,
    -0.1712,
    0.1051,
    0.1884,
    -0.0254,
    -0.2371,
    -0.1389,
    0.1801,
    0.336,
    0.1264,
    -0.2242,
    -0.3423,
    -0.1385,
    0.136,
    0.2278,
    0.1471,
    0.0524,
    -0.012,
    -0.1265,
    -0.2695,
    -0.2422,
    0.0688,
    0.4346,
    0.4504,
    0.0104,
    -0.49,
    -0.5401,
    -0.0795,
    0.422,
    0.4806,
    0.1081,
    -0.2625,
    -0.2969,
    -0.0845,
    0.0728,
    0.0611,
    0.0253,
    0.0838,
    0.1357,
    0.03,
    -0.1673,
    -0.2194,
    -0.0368,
    0.1739,
    0.1629,
    -0.0322,
    -0.1318,
    0.004,
    0.1699,
    0.0839,
    -0.2063,
    -0.333,
    -0.0655,
    0.3551,
    0.4565,
    0.0883,
    -0.3831,
    -0.4809,
    -0.138,
    0.2712,
    0.3787,
    0.1844,
    -0.0543,
    -0.1701,
    -0.1998,
    -0.1934,
    -0.0811,
    0.1747,
    0.39,
    0.2911,
    -0.1233,
    -0.4769,
    -0.3885,
    0.0758,
    0.4404,
    0.3442,
    -0.061,
    -0.3126,
    -0.1842,
    0.0896,
    0.1543,
    -0.0194,
    -0.1444,
    -0.0274,
    0.177,
    0.1865,
    -0.03,
    -0.2179,
