{
  "sampleRate": 44100,
  "duration": 0.5,
  "channels": 1,
  "features": {
    "rms": 0.2758640057199499,
    "peak": 1.0315511226654053,
    "zeroCrossings": 832,
    "energy": 0.21399771647379778
  },
  "samples": [
    0,
    0.0274,
    0.03,
    -0.0356,
    -0.0556,
    -0.0076,
    0.0032,
    0.0012,
    0.0629,
    0.0775,
    -0.0368,
    -0.1098,
    -0.0404,
    0.0212,
    0.0297,
    0.0886,
    0.0823,
    -0.1061,
    -0.1664,
    0.0936,
    0.1886,
    -0.1605,
    -0.2878,
    0.2127,
    0.5038,
    -0.0494,
    -0.5928,
    -0.2581,
    0.3329,
    0.3292,
    0.0595,
    0.0174,
    -0.1067,
    -0.4013,
    -0.2675,
    0.306,
    0.5234,
    0.1864,
    -0.1722,
    -0.4069,
    -0.5224,
    -0.0448,
    0.7845,
    0.6957,
    -0.4263,
    -0.8865,
    -0.0168,
    0.6114,
    0.0749,
    -0.368,
    0.1049,
    0.4012,
    -0.1285,
    -0.4513,
    -0.0156,
    0.2791,
    0.0188,
    -0.0763,
    0.1682,
    0.1194,
    -0.2071,
    -0.2449,
    -0.0661,
    0.0303,
    0.2711,
    0.523,
    0.0415,
    -0.8485,
    -0.6911,
    0.5299,
    0.9938,
    0.0883,
    -0.6284,
    -0.2924,
    0.0712,
    -0.0928,
    0.0188,
    0.5044,
    0.3621,
    -0.4048,
    -0.6195,
    -0.0471,
    0.3771,
    0.2901,
    0.0901,
    -0.1244,
    -0.3287,
    -0.1298,
    0.3169,
    0.1975,
    -0.3505,
    -0.2226,
    0.4856,
    0.4224,
    -0.4487,
    -0.6338,
    0.1441,
    0.5165,
    0.0779,
    -0.1302,
    0.1134,
    -0.0403,
    -0.4846,
    -0.2544,
    0.4765,
    0.6082,
    0.0279,
    -0.446,
    -0.4783,
    -0.2006,
    0.3399,
    0.6987,
    0.2208,
    -0.6118,
    -0.5703,
    0.2148,
    0.4224,
    -0.0645,
    -0.1253,
    0.2718,
    0.1038,
    -0.4618,
    -0.3035,
    0.376,
    0.3819,
    -0.1935,
    -0.2611,
    0.1604,
    0.1841,
    -0.1762,
    -0.243,
    -0.0023,
    0.1745,
    0.2784,
    0.2147,
    -0.2602,
    -0.6413,
    -0.159,
    0.645,
    0.5443,
    -0.2359,
    -0.4418,
    -0.0488,
    -0.0001,
    -0.1706,
    0.1958,
    0.608,
    0.1152,
    -0.684,
    -0.5362,
    0.2759,
    0.5479,
    0.1617,
    -0.1581,
    -0.2212,
    -0.1908,
    0.0172,
    0.2478,
    0.0882,
    -0.2049,
    -0.0243,
    0.2968,
    0.0231,
    -0.4247,
    -0.1674,
    0.3686,
    0.2301,
    -0.2076,
    -0.0618,
    0.242,
    -0.0989,
    -0.501,
    -0.065,
    0.6056,
    0.4353,
    -0.2704,
    -0.5279,
    -0.2405,
    0.1259,
    0.393,
    0.3911,
    -0.0663,
    -0.5085,
    -0.2906,
    0.2224,
    0.2466,
    -0.0048,
    0.0804,
    0.1628,
    -0.2408,
    -0.4797,
    0.0662,
    0.5756,
    0.1749,
    -0.4166,
    -0.2189,
    0.2645,
    0.1469,
    -0.2313,
    -0.1584,
    0.1484,
    0.197,
    0.0807,
    -0.0408,
    -0.2432,
    -0.2874,
    0.105,
    0.4522,
    0.1812,
    -0.262,
    -0.2106,
    -0.0012,
    -0.1158,
    -0.086,
    0.3999,
    0.5033,
    -0.2442,
    -0.77,
    -0.2115,
    0.554,
    0.4565,
    -0.0922,
    -0.256,
    -0.1367,
    -0.0924,
    0.0181,
    0.2021,
    0.1309,
    -0.0873,
    -0.0576,
    0.0442,
    -0.1119,
    -0.1774,
    0.1439,
    0.292,
    -0.0772,
    -0.2625,
    0.1192,
    0.2567,
    -0.2499,
    -0.4423,
    0.1975,
    0.6391,
    0.1271,
    -0.5088,
    -0.3961,
    0.0645,
    0.2525,
    0.2557,
    0.179,
    -0.1317,
    -0.404,
    -0.2014,
    0.1914,
    0.2474,
    0.1252,
    0.1051,
    -0.0922,
    -0.4545,
    -0.2807,
    0.4285,
    0.5768,
    -0.1368,
    -0.5405,
    -0.0512,
    0.3491,
    0.021,
    -0.2697,
    0.0198,
    0.2697,
    0.0557,
    -0.1511,
    -0.0856,
    -0.059,
    -0.0782,
    0.1117,
    0.262,
    0.0489,
    -0.1883,
    -0.1218,
    -0.0697,
    -0.1445,
    0.1098,
    0.5331,
    0.255,
    -0.5789,
    -0.6797,
    0.1838,
    0.6897,
    0.218,
    -0.2898,
    -0.2015,
    -0.0484,
    -0.1237,
    0.0008,
    0.3017,
    0.2295,
    -0.1422,
    -0.2482,
    -0.0866,
    0.0027,
    0.0886,
    0.2222,
    0.0723,
    -0.2609,
    -0.1561,
    0.2615,
    0.1523,
    -0.3657,
    -0.2587,
    0.4242,
    0.4864,
    -0.2285,
    -0.5494,
    -0.091,
    0.2714,
    0.1572,
    0.0827,
    0.1305,
    -0.1034,
    -0.3944,
    -0.199,
    0.2498,
    0.363,
    0.1651,
    -0.0713,
    -0.3438,
    -0.4231,
    0.0618,
    0.622,
    0.3529,
    -0.4095,
    -0.472,
    0.1387,
    0.2951,
    -0.1159,
    -0.1526,
    0.2353,
    0.1994,
    -0.2323,
    -0.2524,
    0.1065,
    0.1494,
    -0.0716,
    -0.0242,
    0.1584,
    0.063,
    -0.1337,
    -0.1447,
    -0.1076,
    -0.0262,
    0.2893,
    0.4413,
    -0.0925,
    -0.6946,
    -0.3533,
    0.4894,
    0.5629,
    -0.069,
    -0.31,
    -0.0631,
    -0.0663,
    -0.2118,
    0.1008,
    0.4875,
    0.2008,
    -0.3818,
    -0.4054,
    0.0151,
    0.2417,
    0.2035,
    0.0906,
    -0.1292,
    -0.2655,
    -0.0084,
    0.2716,
    0.0179,
    -0.3227,
    -0.0144,
    0.4492,
    0.1581,
    -0.439,
    -0.3199,
    0.2207,
    0.2414,
    -0.0602,
    0.0304,
    0.2043,
    -0.1277,
    -0.4697,
    -0.1322,
    0.4279,
    0.4294,
    0.005,
    -0.3179,
    -0.3977,
    -0.177,
    0.3327,
    0.5637,
    0.0625,
    -0.5039,
    -0.2988,
    0.2118,
    0.1591,
    -0.1187,
    0.0795,
    0.3027,
    -0.0851,
    -0.4625,
    -0.0924,
    0.3942,
    0.1784,
    -0.2423,
    -0.1127,
    0.2,
    0.0884,
    -0.1801,
    -0.1697,
    -0.0125,
    0.1319,
    0.288,
    0.1844,
    -0.3142,
    -0.5397,
    0.0003,
    0.5481,
    0.2913,
    -0.2185,
    -0.1838,
    0.0004,
    -0.1931,
    -0.208,
    0.3433,
    0.5915,
    -0.0506,
    -0.6544,
    -0.3413,
    0.2926,
    0.3843,
    0.1033,
    -0.0834,
    -0.1837,
    -0.1846,
    0.0477,
    0.2098,
    -0.0036,
    -0.1643,
    0.1023,
    0.2499,
    -0.1337,
    -0.3713,
    0.0262,
    0.3308,
    0.0152,
    -0.2021,
    0.1395,
    0.2546,
    -0.2688,
    -0.5064,
    0.0848,
    0.6027,
    0.2959,
    -0.2792,
    -0.4194,
    -0.2167,
    0.0806,
    0.3861,
    0.369,
    -0.1148,
    -0.4513,
    -0.179,
    0.167,
    0.0951,
    0.0374,
    0.2476,
    0.1255,
    -0.4174,
    -0.4436,
    0.2543,
    0.5507,
    -0.0162,
    -0.4135,
    -0.0449,
    0.2812,
    0.0101,
    -0.2534,
    -0.0683,
    0.1583,
    0.1512,
    0.0953,
    -0.0308,
    -0.2849,
    -0.2656,
    0.1757,
    0.401,
    0.0749,
    -0.1913,
    -0.0651,
    -0.0734,
    -0.2921,
    -0.0272,
    0.5883,
    0.4612,
    -0.4285,
    -0.7404,
    -0.04,
    0.5354,
    0.3052,
    -0.0865,
    -0.1382,
    -0.134,
    -0.1626,
    0.022,
    0.2215,
    0.1041,
    -0.0649,
    -0.0006,
    -0.0081,
    -0.1974,
    -0.1016,
    0.2569,
    0.1982,
    -0.2202,
    -0.1633,
    0.2895,
    0.1692,
    -0.4329,
    -0.3765,
    0.3728,
    0.5929,
    -0.026,
    -0.4748,
    -0.2712,
    0.0399,
    0.1618,
    0.2718,
    0.225,
    -0.1476,
    -0.3975,
    -0.1695,
    0.1372,
    0.1861,
    0.2116,
    0.197,
    -0.1967,
    -0.5706,
    -0.1651,
    0.5649,
    0.4567,
    -0.2923,
    -0.4287,
    0.1157,
    0.26,
    -0.1393,
    -0.2076,
    0.1536,
    0.227,
    -0.0408,
    -0.118,
    -0.0285,
    -0.0866,
    -0.0931,
    0.137,
    0.2286,
    0.0156,
    -0.1065,
    -0.0656,
    -0.1878,
    -0.2312,
    0.2449,
    0.6452,
    0.1165,
    -0.7063,
    -0.5436,
    0.3207,
    0.5625,
    0.0755,
    -0.1834,
    -0.0649,
    -0.1243,
    -0.235,
    0.0487,
    0.3711,
    0.1971,
    -0.165,
    -0.22,
    -0.1074,
    -0.0255,
    0.1516,
    0.2543,
    -0.0338,
    -0.307,
    -0.0132,
    0.3329,
    -0.0099,
    -0.4639,
    -0.0972,
    0.5386,
    0.3368,
    -0.3466,
    -0.4153,
    0.0239,
    0.1581,
    0.0514,
    0.1664,
    0.214,
    -0.1539,
    -0.4377,
    -0.1725,
    0.2424,
    0.3447,
    0.2204,
    -0.0507,
    -0.4385,
    -0.4487,
    0.1913,
    0.656,
    0.1921,
    -0.4606,
    -0.2914,
    0.2139,
    0.115,
    -0.2102,
    0.0088,
    0.3337,
    0.064,
    -0.3214,
    -0.143,
