{
  "sampleRate": 44100,
  "duration": 0.5,
  "channels": 1,
  "features": {
    "rms": 0.27588549763123665,
    "peak": 1.0512194633483887,
    "zeroCrossings": 1110,
    "energy": 0.21383264471009977
  },
  "samples": [
    0,
    0.0278,
    -0.0118,
    -0.0427,
    0.0125,
    0.0021,
    0.0263,
    0.0221,
    -0.0422,
    -0.0005,
    -0.0317,
    -0.0012,
    0.1228,
    -0.0447,
    -0.0734,
    0.0243,
    -0.1328,
    0.1733,
    0.3036,
    -0.4375,
    -0.2738,
    0.5019,
    0.1333,
    -0.2781,
    -0.093,
    0.0086,
    0.1555,
    0.0239,
    -0.0862,
    0.1322,
    -0.2133,
    -0.1748,
    0.4505,
    0.0007,
    -0.2423,
    0.1112,
    -0.3616,
    0.1083,
    0.8577,
    -0.4752,
    -0.8662,
    0.5169,
    0.5399,
    -0.1528,
    -0.36,
    -0.1405,
    0.3587,
    -0.0112,
    -0.2053,
    0.4047,
    -0.2117,
    -0.5309,
    0.5138,
    0.2347,
    -0.2828,
    0.1152,
    -0.3614,
    -0.1496,
    0.8471,
    -0.0175,
    -0.8141,
    -0.0001,
    0.4949,
    0.2681,
    -0.3383,
    -0.3963,
    0.4109,
    0.0677,
    -0.3804,
    0.4846,
    0.0643,
    -0.7119,
    0.2443,
    0.4073,
    -0.1443,
    0.0739,
    -0.3103,
    -0.2979,
    0.6336,
    0.2734,
    -0.5086,
    -0.3277,
    0.1736,
    0.5524,
    -0.0855,
    -0.6198,
    0.3209,
    0.2408,
    -0.5125,
    0.364,
    0.3785,
    -0.6521,
    -0.1073,
    0.3884,
    0.0756,
    0.0978,
    -0.3038,
    -0.3524,
    0.412,
    0.3361,
    -0.1477,
    -0.3621,
    -0.2362,
    0.5678,
    0.2785,
    -0.679,
    0.1018,
    0.401,
    -0.5044,
    0.1111,
    0.5582,
    -0.3742,
    -0.3547,
    0.1573,
    0.2441,
    0.2417,
    -0.3108,
    -0.3885,
    0.2665,
    0.2473,
    0.0955,
    -0.1595,
    -0.5262,
    0.3283,
    0.5727,
    -0.5315,
    -0.143,
    0.4481,
    -0.3605,
    -0.1338,
    0.5209,
    -0.0246,
    -0.3673,
    -0.1754,
    0.2338,
    0.4666,
    -0.2519,
    -0.4537,
    0.1894,
    0.1295,
    0.1567,
    0.1208,
    -0.581,
    -0.0228,
    0.6614,
    -0.2532,
    -0.2887,
    0.3601,
    -0.1717,
    -0.2535,
    0.3121,
    0.2207,
    -0.1465,
    -0.4326,
    0.0112,
    0.6527,
    -0.0723,
    -0.5252,
    0.1199,
    0.0634,
    0.087,
    0.3216,
    -0.4256,
    -0.3043,
    0.5295,
    0.0092,
    -0.2725,
    0.2049,
    -0.0435,
    -0.2216,
    0.0626,
    0.2582,
    0.181,
    -0.4747,
    -0.3335,
    0.6739,
    0.2007,
    -0.5302,
    0.0131,
    0.0497,
    -0.01,
    0.3735,
    -0.1871,
    -0.4019,
    0.2811,
    0.1299,
    -0.1333,
    0.0879,
    -0.0243,
    -0.1027,
    -0.1001,
    0.1056,
    0.4433,
    -0.2797,
    -0.636,
    0.4817,
    0.4604,
    -0.4101,
    -0.1143,
    0.0345,
    -0.0589,
    0.3121,
    -0.0038,
    -0.3233,
    0.0677,
    0.0788,
    0.0186,
    0.079,
    -0.0825,
    0.0056,
    -0.127,
    -0.1301,
    0.5414,
    0.0534,
    -0.7848,
    0.1489,
    0.6124,
    -0.1863,
    -0.2059,
    -0.0304,
    -0.0587,
    0.2411,
    0.06,
    -0.1745,
    -0.0085,
    -0.0798,
    0.0817,
    0.1742,
    -0.1448,
    0.0455,
    -0.0475,
    -0.3422,
    0.4518,
    0.3997,
    -0.7103,
    -0.223,
    0.5669,
    0.0916,
    -0.1852,
    -0.1507,
    -0.0557,
    0.2143,
    0.0205,
    -0.0535,
    0.0702,
    -0.2336,
    0.003,
    0.2982,
    -0.138,
    0.0154,
    0.0698,
    -0.4464,
    0.2216,
    0.6199,
    -0.4334,
    -0.4812,
    0.3187,
    0.2996,
    -0.0183,
    -0.2667,
    -0.1113,
    0.2521,
    -0.0471,
    -0.0459,
    0.2365,
    -0.2676,
    -0.1823,
    0.3486,
    -0.0464,
    -0.0308,
    0.1532,
    -0.4314,
    -0.034,
    0.6421,
    -0.0838,
    -0.5167,
    -0.025,
    0.3241,
    0.2433,
    -0.2894,
    -0.2461,
    0.3084,
    -0.0571,
    -0.1526,
    0.37,
    -0.1419,
    -0.363,
    0.2631,
    0.0714,
    -0.0265,
    0.1815,
    -0.3517,
    -0.2143,
    0.4976,
    0.1853,
    -0.3315,
    -0.3038,
    0.1363,
    0.4791,
    -0.163,
    -0.4128,
    0.3093,
    0.0245,
    -0.2964,
    0.3744,
    0.0818,
    -0.4201,
    0.0684,
    0.1188,
    0.0493,
    0.1935,
    -0.2765,
    -0.2861,
    0.2889,
    0.2788,
    -0.0337,
    -0.3893,
    -0.1831,
    0.5636,
    0.0877,
    -0.52,
    0.2121,
    0.158,
    -0.3775,
    0.2373,
    0.2784,
    -0.303,
    -0.128,
    0.0293,
    0.1465,
    0.2493,
    -0.2353,
    -0.2863,
    0.1209,
    0.2018,
    0.226,
    -0.2541,
    -0.4841,
    0.4412,
    0.3588,
    -0.4925,
    0.0434,
    0.2607,
    -0.3412,
    0.0344,
    0.3358,
    -0.0652,
    -0.1995,
    -0.179,
    0.1707,
    0.3731,
    -0.1994,
    -0.2777,
    0.0415,
    0.0403,
    0.3381,
    0.0189,
    -0.628,
    0.1628,
    0.523,
    -0.3265,
    -0.113,
    0.267,
    -0.2119,
    -0.1207,
    0.2231,
    0.164,
    -0.0801,
    -0.4014,
    0.0475,
    0.5202,
    -0.1118,
    -0.2933,
    0.0273,
    -0.1028,
    0.2863,
    0.2887,
    -0.5633,
    -0.139,
    0.504,
    -0.1016,
    -0.1704,
    0.1769,
    -0.0729,
    -0.1491,
    0.0073,
    0.2543,
    0.1903,
    -0.5015,
    -0.2169,
    0.5943,
    0.0568,
    -0.3095,
    0.0207,
    -0.1714,
    0.1404,
    0.4386,
    -0.3489,
    -0.3248,
    0.3253,
    0.0627,
    -0.0996,
    0.057,
    -0.0076,
    -0.0519,
    -0.1899,
    0.1502,
    0.4822,
    -0.3923,
    -0.523,
    0.5091,
    0.2682,
    -0.2677,
    -0.0146,
    -0.1798,
    -0.0003,
    0.4369,
    -0.1124,
    -0.3269,
    0.0978,
    0.0797,
    0.0461,
    -0.0047,
    -0.0431,
    0.0969,
    -0.2654,
    -0.0986,
    0.6481,
    -0.0935,
    -0.7252,
    0.2525,
    0.425,
    -0.1287,
    -0.0591,
    -0.1845,
    -0.0748,
    0.3409,
    0.028,
    -0.184,
    -0.045,
    -0.0487,
    0.1621,
    0.0379,
    -0.1355,
    0.2047,
    -0.193,
    -0.3701,
    0.6044,
    0.2737,
    -0.7132,
    -0.0886,
    0.4262,
    0.0814,
    -0.0504,
    -0.2279,
    -0.0918,
    0.2469,
    0.0305,
    -0.0119,
    -0.027,
    -0.2311,
    0.16,
    0.1553,
    -0.2049,
    0.2211,
    -0.0281,
    -0.5428,
    0.375,
    0.55,
    -0.4786,
    -0.365,
    0.2362,
    0.2686,
    0.0645,
    -0.297,
    -0.1099,
    0.2215,
    -0.0552,
    0.0715,
    0.1268,
    -0.342,
    0.0276,
    0.2594,
    -0.1963,
    0.1659,
    0.1364,
    -0.5615,
    0.0717,
    0.6244,
    -0.1247,
    -0.4453,
    -0.0788,
    0.3197,
    0.2775,
    -0.3273,
    -0.1825,
    0.2604,
    -0.1317,
    0.017,
    0.3086,
    -0.3004,
    -0.1583,
    0.2647,
    -0.1218,
    0.1051,
    0.2345,
    -0.4581,
    -0.174,
    0.4901,
    0.1874,
    -0.29,
    -0.3759,
    0.1743,
    0.5054,
    -0.2503,
    -0.3084,
    0.3008,
    -0.1231,
    -0.1306,
    0.3973,
    -0.1221,
    -0.2778,
    0.1508,
    -0.0544,
    0.0953,
    0.2644,
    -0.316,
    -0.2834,
    0.2398,
    0.3257,
    0.0232,
    -0.5088,
    -0.1288,
    0.6294,
    -0.051,
    -0.4257,
    0.2743,
    -0.0251,
    -0.2685,
    0.3342,
    0.0894,
    -0.245,
    -0.0155,
    -0.0756,
    0.135,
    0.277,
    -0.208,
    -0.2634,
    0.0045,
    0.2539,
    0.342,
    -0.4095,
    -0.4616,
    0.5662,
    0.2065,
    -0.4533,
    0.1628,
    0.0974,
    -0.3062,
    0.1576,
    0.2059,
    -0.0664,
    -0.1164,
    -0.2112,
    0.1613,
    0.3251,
    -0.1509,
    -0.1832,
    -0.1217,
    0.0406,
    0.5223,
    -0.1258,
    -0.6731,
    0.3245,
    0.407,
    -0.3508,
    0.0168,
    0.16,
    -0.2237,
    -0.0242,
    0.1542,
    0.1572,
    -0.0581,
    -0.401,
    0.0948,
    0.413,
    -0.1061,
    -0.1157,
    -0.125,
    -0.1911,
    0.503,
    0.2064,
    -0.6719,
    0.009,
    0.4513,
    -0.1563,
    -0.0773,
    0.1205,
    -0.0806,
    -0.1024,
    -0.0389,
    0.288,
    0.1649,
    -0.5261,
    -0.0971,
    0.4829,
    -0.0235,
    -0.086,
    -0.0606,
    -0.3394,
    0.329,
    0.44,
    -0.4768,
    -0.2342,
    0.3197,
    0.0287,
    -0.0575,
    0.009,
    0.0268,
    -0.0346,
    -0.2631,
    0.2332,
    0.4568,
    -0.48,
    -0.3613,
    0.4523,
    0.1053,
    -0.0628,
    0.0014,
