{
  "sampleRate": 44100,
  "duration": 0.5,
  "channels": 1,
  "features": {
    "rms": 0.2755608771621764,
    "peak": 1.084504246711731,
    "zeroCrossings": 1230,
    "energy": 0.21404898685293478
  },
  "samples": [
    0,
    0.0261,
    -0.0236,
    -0.0224,
    0.0022,
    0.0174,
    0.0521,
    -0.0607,
    -0.0278,
    0.0162,
    0.0583,
    0.0029,
    -0.1127,
    0.1325,
    -0.101,
    -0.0667,
    0.3387,
    -0.2595,
    -0.1855,
    0.2745,
    0.0435,
    -0.0019,
    -0.2632,
    -0.009,
    0.3523,
    -0.0002,
    -0.2652,
    -0.2687,
    0.5304,
    0.171,
    -0.6809,
    0.3179,
    0.0949,
    -0.1971,
    0.3556,
    -0.3316,
    -0.0454,
    0.1921,
    -0.0837,
    0.211,
    -0.1976,
    -0.1742,
    0.0238,
    0.4413,
    0.1109,
    -1.0188,
    0.4608,
    0.753,
    -0.6462,
    -0.0752,
    -0.081,
    0.2407,
    0.4364,
    -0.6506,
    -0.1138,
    0.4086,
    0.1141,
    -0.2423,
    -0.1823,
    0.3917,
    -0.3316,
    0.0667,
    0.5203,
    -0.7225,
    0.0589,
    0.4249,
    -0.1517,
    0.1432,
    -0.4907,
    0.0315,
    0.6952,
    -0.2206,
    -0.5356,
    -0.0203,
    0.7545,
    -0.1326,
    -0.6991,
    0.4502,
    -0.0034,
    0.0248,
    0.1894,
    -0.5737,
    0.3324,
    0.2005,
    -0.331,
    0.2697,
    -0.1442,
    -0.1886,
    0.1735,
    0.3266,
    -0.1914,
    -0.6484,
    0.625,
    0.3205,
    -0.5283,
    0.0387,
    -0.1898,
    0.4437,
    0.2875,
    -0.8691,
    0.1717,
    0.5205,
    -0.144,
    -0.2526,
    -0.037,
    0.2816,
    -0.203,
    0.1249,
    0.1331,
    -0.4976,
    0.351,
    0.0812,
    -0.1545,
    0.2424,
    -0.5549,
    0.2101,
    0.6314,
    -0.4953,
    -0.3699,
    0.2574,
    0.5031,
    -0.2809,
    -0.4575,
    0.3488,
    0.0355,
    0.1672,
    -0.1581,
    -0.4686,
    0.6383,
    -0.0417,
    -0.39,
    0.3639,
    -0.2082,
    -0.0824,
    0.2551,
    0.0609,
    -0.2342,
    -0.263,
    0.5007,
    0.0484,
    -0.3147,
    -0.0037,
    -0.1687,
    0.5995,
    -0.0318,
    -0.848,
    0.4999,
    0.3697,
    -0.3038,
    -0.1356,
    -0.0301,
    0.2498,
    -0.052,
    -0.0227,
    -0.0639,
    -0.1444,
    0.3523,
    -0.196,
    -0.0028,
    0.1992,
    -0.5426,
    0.4135,
    0.3732,
    -0.6184,
    -0.0535,
    0.2874,
    0.243,
    -0.2383,
    -0.3357,
    0.2624,
    0.1656,
    0.099,
    -0.4054,
    -0.1593,
    0.6981,
    -0.3142,
    -0.2646,
    0.3561,
    -0.2621,
    0.108,
    0.1588,
    -0.1629,
    -0.0529,
    -0.0623,
    0.2633,
    -0.0132,
    -0.171,
    -0.0883,
    -0.021,
    0.5738,
    -0.3418,
    -0.5842,
    0.6601,
    0.0974,
    -0.2804,
    -0.0537,
    -0.0813,
    0.3301,
    -0.0251,
    -0.23,
    -0.0146,
    0.1137,
    0.167,
    -0.2857,
    0.1398,
    0.0729,
    -0.4024,
    0.5007,
    0.0407,
    -0.5162,
    0.207,
    0.1311,
    0.1291,
    -0.1577,
    -0.3302,
    0.2938,
    0.2495,
    -0.1065,
    -0.4492,
    0.156,
    0.5641,
    -0.4763,
    -0.0935,
    0.2572,
    -0.2208,
    0.2675,
    -0.078,
    -0.2153,
    0.1912,
    -0.0857,
    0.1074,
    0.0372,
    -0.1595,
    -0.1053,
    0.1463,
    0.4177,
    -0.5316,
    -0.2654,
    0.6651,
    -0.1257,
    -0.1691,
    -0.086,
    -0.0837,
    0.4938,
    -0.1755,
    -0.3751,
    0.1926,
    0.1958,
    -0.0268,
    -0.2598,
    0.2017,
    -0.0198,
    -0.2241,
    0.4585,
    -0.2298,
    -0.2808,
    0.3166,
    -0.0704,
    0.1744,
    -0.1618,
    -0.36,
    0.449,
    0.2035,
    -0.3296,
    -0.3199,
    0.3614,
    0.3586,
    -0.515,
    0.0187,
    0.1422,
    -0.0685,
    0.2985,
    -0.3648,
    -0.0643,
    0.3627,
    -0.2495,
    0.0877,
    0.0771,
    -0.2115,
    -0.0075,
    0.2222,
    0.1734,
    -0.5243,
    0.0211,
    0.5095,
    -0.2251,
    -0.0508,
    -0.1984,
    0.0408,
    0.5872,
    -0.4528,
    -0.3316,
    0.4204,
    0.1003,
    -0.1379,
    -0.1836,
    0.1713,
    -0.005,
    -0.0676,
    0.2497,
    -0.3294,
    0.025,
    0.228,
    -0.2027,
    0.2848,
    -0.2636,
    -0.2889,
    0.6012,
    -0.0104,
    -0.4208,
    -0.0812,
    0.3819,
    0.1721,
    -0.4506,
    0.0275,
    0.0997,
    0.1296,
    0.1379,
    -0.5468,
    0.231,
    0.3513,
    -0.4139,
    0.1747,
    0.0262,
    -0.2116,
    0.1539,
    0.1234,
    -0.021,
    -0.3386,
    0.1525,
    0.3002,
    -0.189,
    -0.0204,
    -0.2867,
    0.2646,
    0.4992,
    -0.7087,
    -0.0945,
    0.5155,
    -0.0711,
    -0.1229,
    -0.1659,
    0.1343,
    0.1204,
    -0.0584,
    0.0023,
    -0.2145,
    0.2356,
    0.0188,
    -0.1943,
    0.3451,
    -0.3926,
    -0.0886,
    0.6159,
    -0.2886,
    -0.305,
    0.1031,
    0.2624,
    0.1016,
    -0.3945,
    -0.023,
    0.1876,
    0.2334,
    -0.1405,
    -0.5161,
    0.5108,
    0.1711,
    -0.4629,
    0.2644,
    -0.0943,
    -0.0828,
    0.2453,
    -0.1095,
    -0.0341,
    -0.1169,
    0.1052,
    0.1693,
    -0.1059,
    -0.0859,
    -0.253,
    0.4623,
    0.2372,
    -0.792,
    0.2126,
    0.4238,
    -0.1807,
    -0.0504,
    -0.2392,
    0.1973,
    0.2513,
    -0.2248,
    -0.1223,
    0.0217,
    0.2615,
    -0.1699,
    -0.0899,
    0.2966,
    -0.4343,
    0.1551,
    0.4346,
    -0.4659,
    -0.0454,
    0.1191,
    0.134,
    0.1314,
    -0.4256,
    -0.0222,
    0.3497,
    0.1538,
    -0.3761,
    -0.2984,
    0.6351,
    -0.0574,
    -0.3849,
    0.2606,
    -0.179,
    0.1442,
    0.1566,
    -0.3295,
    0.1437,
    -0.0119,
    -0.0239,
    0.1599,
    -0.0832,
    -0.1576,
    -0.0951,
    0.5032,
    -0.0699,
    -0.6559,
    0.4258,
    0.2194,
    -0.1604,
    -0.0319,
    -0.331,
    0.3883,
    0.2497,
    -0.4656,
    -0.0431,
    0.2169,
    0.1436,
    -0.2428,
    -0.0007,
    0.1878,
    -0.3307,
    0.2975,
    0.1304,
    -0.432,
    0.2018,
    -0.0222,
    0.1086,
    0.1602,
    -0.5207,
    0.1084,
    0.4492,
    -0.0725,
    -0.4326,
    -0.034,
    0.5781,
    -0.2047,
    -0.2693,
    0.16,
    -0.1295,
    0.3405,
    -0.1071,
    -0.3841,
    0.394,
    -0.0804,
    -0.1015,
    0.2049,
    -0.1516,
    -0.1262,
    0.0789,
    0.3546,
    -0.2569,
    -0.3908,
    0.4552,
    0.0397,
    -0.0563,
    -0.1213,
    -0.3256,
    0.6195,
    0.054,
    -0.6158,
    0.1826,
    0.2558,
    0.0091,
    -0.2159,
    -0.0042,
    0.1337,
    -0.1406,
    0.2449,
    -0.134,
    -0.2095,
    0.2983,
    -0.2046,
    0.1957,
    0.096,
    -0.5726,
    0.3377,
    0.3717,
    -0.2995,
    -0.2943,
    0.1242,
    0.4334,
    -0.2295,
    -0.2223,
    0.0572,
    0.055,
    0.3715,
    -0.4171,
    -0.2235,
    0.5564,
    -0.2522,
    -0.0625,
    0.1956,
    -0.2367,
    0.0379,
    0.1265,
    0.1154,
    -0.2375,
    -0.1578,
    0.3395,
    -0.0234,
    0.0207,
    -0.2651,
    -0.1658,
    0.7434,
    -0.2647,
    -0.5624,
    0.4031,
    0.1456,
    -0.0332,
    -0.1891,
    -0.0748,
    0.2153,
    -0.0052,
    0.0311,
    -0.2186,
    0.0637,
    0.2174,
    -0.3031,
    0.3056,
    -0.06,
    -0.4827,
    0.5349,
    0.1186,
    -0.373,
    -0.0742,
    0.1168,
    0.3315,
    -0.199,
    -0.2726,
    0.0653,
    0.2625,
    0.2012,
    -0.6059,
    0.0652,
    0.5416,
    -0.3951,
    0.0464,
    0.0819,
    -0.2213,
    0.2462,
    -0.0189,
    -0.0485,
    -0.0633,
    -0.0737,
    0.2032,
    0.0126,
    -0.0048,
    -0.3442,
    0.0869,
    0.6627,
    -0.5437,
    -0.3245,
    0.4825,
    -0.0024,
    0.0248,
    -0.2518,
    -0.1036,
    0.4026,
    -0.0441,
    -0.1984,
    -0.1024,
    0.2352,
    0.0509,
    -0.2796,
    0.3336,
    -0.2085,
    -0.2516,
    0.5625,
    -0.1832,
    -0.2392,
    0.0709,
    0.0092,
    0.3355,
    -0.2208,
    -0.3429,
    0.2159,
    0.3453,
    -0.073,
    -0.5834,
    0.3226,
    0.3874,
    -0.4217,
    0.1152,
    -0.0787,
    -0.0483,
    0.3492,
    -0.29,
    -0.021,
    0.1186,
    -0.1347,
    0.1527,
    0.0472,
    -0.1041,
    -0.2743,
    0.2868,
    0.4091,
    -0.6406,
    -0.0366,
    0.394,
    -0.0685,
    0.0939,
    -0.3993,
    0.0098,
