{
  "sampleRate": 44100,
  "duration": 0.5,
  "channels": 1,
  "features": {
    "rms": 0.2387078647690693,
    "peak": 0.8375099301338196,
    "zeroCrossings": 884,
    "energy": 0.1865620969428197
  },
  "samples": [
    0,
    0.0215,
    0.0157,
    -0.0439,
    -0.0406,
    0.0293,
    0.0347,
    -0.0066,
    0.01,
    0.0165,
    -0.0532,
    -0.0585,
    0.048,
    0.0781,
    -0.0007,
    -0.0175,
    -0.0172,
    -0.1145,
    -0.0704,
    0.2275,
    0.2618,
    -0.2176,
    -0.4544,
    0.0659,
    0.5171,
    0.1267,
    -0.4042,
    -0.2118,
    0.207,
    0.1218,
    -0.0832,
    0.0622,
    0.1179,
    -0.1735,
    -0.2366,
    0.1111,
    0.2599,
    0.0535,
    -0.0657,
    -0.1198,
    -0.2808,
    -0.0686,
    0.5271,
    0.4417,
    -0.495,
    -0.7623,
    0.2185,
    0.8262,
    0.0885,
    -0.6205,
    -0.206,
    0.3268,
    0.083,
    -0.1649,
    0.1321,
    0.2102,
    -0.2273,
    -0.3379,
    0.1139,
    0.3393,
    0.0959,
    -0.1097,
    -0.1852,
    -0.2533,
    0.0196,
    0.5229,
    0.3331,
    -0.528,
    -0.6515,
    0.2929,
    0.7373,
    -0.0156,
    -0.5716,
    -0.0954,
    0.3209,
    -0.0109,
    -0.1907,
    0.1964,
    0.2515,
    -0.2619,
    -0.3839,
    0.1242,
    0.3878,
    0.1084,
    -0.1609,
    -0.2254,
    -0.2048,
    0.093,
    0.4917,
    0.2301,
    -0.5312,
    -0.5358,
    0.3388,
    0.6336,
    -0.0967,
    -0.5003,
    0.0008,
    0.2885,
    -0.1005,
    -0.19,
    0.2666,
    0.27,
    -0.3111,
    -0.4138,
    0.1553,
    0.429,
    0.0967,
    -0.2149,
    -0.2416,
    -0.1437,
    0.1461,
    0.4395,
    0.1404,
    -0.5075,
    -0.4241,
    0.3558,
    0.5239,
    -0.1513,
    -0.4139,
    0.0764,
    0.2347,
    -0.1779,
    -0.1648,
    0.3342,
    0.2643,
    -0.367,
    -0.4233,
    0.2013,
    0.4562,
    0.0643,
    -0.2635,
    -0.234,
    -0.0783,
    0.176,
    0.3733,
    0.0695,
    -0.4622,
    -0.3239,
    0.3465,
    0.4165,
    -0.1786,
    -0.3207,
    0.1278,
    0.1662,
    -0.2371,
    -0.1193,
    0.3916,
    0.2359,
    -0.4217,
    -0.4106,
    0.2548,
    0.4649,
    0.0166,
    -0.3001,
    -0.2057,
    -0.0162,
    0.1827,
    0.301,
    0.0206,
    -0.4018,
    -0.2409,
    0.3155,
    0.3189,
    -0.1807,
    -0.2287,
    0.1539,
    0.0904,
    -0.2743,
    -0.0597,
    0.4328,
    0.1886,
    -0.4678,
    -0.3767,
    0.3084,
    0.4532,
    -0.0397,
    -0.3201,
    -0.1613,
    0.0358,
    0.1685,
    0.2301,
    -0.0057,
    -0.3339,
    -0.1784,
    0.2689,
    0.2368,
    -0.1616,
    -0.1451,
    0.1562,
    0.0153,
    -0.2882,
    0.0069,
    0.4539,
    0.1278,
    -0.4995,
    -0.3249,
    0.3549,
    0.4216,
    -0.0975,
    -0.3211,
    -0.1072,
    0.0733,
    0.1384,
    0.1685,
    -0.0116,
    -0.2694,
    -0.1398,
    0.2182,
    0.1779,
    -0.1306,
    -0.0779,
    0.1432,
    -0.0543,
    -0.2914,
    0.0765,
    0.4749,
    0.0633,
    -0.5406,
    -0.2752,
    0.4125,
    0.3968,
    -0.1602,
    -0.3252,
    -0.0538,
    0.1006,
    0.1041,
    0.1271,
    -0.0004,
    -0.2224,
    -0.1276,
    0.1731,
    0.1445,
    -0.093,
    -0.0263,
    0.1184,
    -0.1199,
    -0.2844,
    0.1496,
    0.4895,
    -0.0082,
    -0.577,
    -0.2159,
    0.466,
    0.3587,
    -0.2216,
    -0.3124,
    0.0044,
    0.1121,
    0.0587,
    0.0968,
    0.0263,
    -0.1803,
    -0.133,
    0.1256,
    0.1281,
    -0.0464,
    0.0114,
    0.0789,
    -0.1768,
    -0.2591,
    0.2206,
    0.4848,
    -0.0844,
    -0.5958,
    -0.1456,
    0.5061,
    0.3048,
    -0.2755,
    -0.2816,
    0.0621,
    0.1057,
    0.0068,
    0.0815,
    0.0653,
    -0.148,
    -0.1547,
    0.0815,
    0.1295,
    0.004,
    0.0323,
    0.029,
    -0.2204,
    -0.2182,
    0.2838,
    0.4612,
    -0.1596,
    -0.5953,
    -0.0695,
    0.5291,
    0.239,
    -0.317,
    -0.2346,
    0.1136,
    0.0814,
    -0.0459,
    0.0833,
    0.112,
    -0.1295,
    -0.1896,
    0.0459,
    0.1478,
    0.0527,
    0.0352,
    -0.0262,
    -0.2477,
    -0.1655,
    0.3347,
    0.4211,
    -0.2283,
    -0.5757,
    0.0071,
    0.5331,
    0.1661,
    -0.3423,
    -0.1748,
    0.154,
    0.0404,
    -0.0941,
    0.1031,
    0.1611,
    -0.1277,
    -0.2336,
    0.0231,
    0.1804,
    0.0941,
    0.0208,
    -0.081,
    -0.2569,
    -0.1061,
    0.3696,
    0.368,
    -0.2856,
    -0.5387,
    0.0783,
    0.5178,
    0.0916,
    -0.3491,
    -0.1068,
    0.1792,
    -0.0141,
    -0.1324,
    0.1398,
    0.2071,
    -0.1437,
    -0.2816,
    0.0163,
    0.2234,
    0.1239,
    -0.0091,
    -0.1302,
    -0.2482,
    -0.0454,
    0.3866,
    0.3068,
    -0.3275,
    -0.4877,
    0.1391,
    0.4846,
    0.0211,
    -0.3365,
    -0.0359,
    0.1864,
    -0.078,
    -0.1565,
    0.1908,
    0.2446,
    -0.1768,
    -0.3279,
    0.027,
    0.2719,
    0.1384,
    -0.0506,
    -0.1687,
    -0.2231,
    0.0109,
    0.3852,
    0.2428,
    -0.3517,
    -0.4272,
    0.1852,
    0.4364,
    -0.04,
    -0.3056,
    0.0322,
    0.1744,
    -0.1458,
    -0.1633,
    0.252,
    0.269,
    -0.2248,
    -0.3673,
    0.0551,
    0.3204,
    0.1356,
    -0.0992,
    -0.1928,
    -0.1851,
    0.0579,
    0.3667,
    0.1816,
    -0.3572,
    -0.3625,
    0.2139,
    0.3775,
    -0.0872,
    -0.259,
    0.092,
    0.1438,
    -0.2122,
    -0.1512,
    0.3186,
    0.2769,
    -0.2842,
    -0.3948,
    0.0987,
    0.3634,
    0.1153,
    -0.1494,
    -0.2001,
    -0.1385,
    0.0914,
    0.334,
    0.1286,
    -0.3449,
    -0.2993,
    0.2239,
    0.3131,
    -0.1175,
    -0.2006,
    0.1388,
    0.0968,
    -0.2714,
    -0.1203,
    0.3848,
    0.2663,
    -0.35,
    -0.4066,
    0.1547,
    0.3959,
    0.0789,
    -0.1958,
    -0.1898,
    -0.0886,
    0.1085,
    0.2913,
    0.0882,
    -0.3174,
    -0.2429,
    0.2156,
    0.2488,
    -0.129,
    -0.1354,
    0.1692,
    0.0371,
    -0.3185,
    -0.0725,
    0.4452,
    0.2369,
    -0.4169,
    -0.4004,
    0.2185,
    0.4137,
    0.0291,
    -0.233,
    -0.1627,
    -0.041,
    0.108,
    0.2436,
    0.0635,
    -0.2785,
    -0.1981,
    0.191,
    0.1902,
    -0.1218,
    -0.0691,
    0.1809,
    -0.0305,
    -0.3498,
    -0.011,
    0.4945,
    0.19,
    -0.4793,
    -0.3754,
    0.2846,
    0.4142,
    -0.0296,
    -0.2568,
    -0.1216,
    -0.0008,
    0.0905,
    0.1965,
    0.0562,
    -0.2331,
    -0.1684,
    0.1539,
    0.142,
    -0.0975,
    -0.0071,
    0.1735,
    -0.1007,
    -0.3626,
    0.0595,
    0.5286,
    0.1286,
    -0.5317,
    -0.3327,
    0.3477,
    0.3961,
    -0.0922,
    -0.2641,
    -0.0702,
    0.0271,
    0.0581,
    0.1555,
    0.0662,
    -0.1868,
    -0.1558,
    0.1088,
    0.1084,
    -0.0595,
    0.0453,
    0.1484,
    -0.1676,
    -0.3562,
    0.1338,
    0.5447,
    0.0571,
    -0.5699,
    -0.2747,
    0.4021,
    0.36,
    -0.1532,
    -0.2531,
    -0.0135,
    0.0393,
    0.0142,
    0.1253,
    0.092,
    -0.1449,
    -0.161,
    0.0611,
    0.0917,
    -0.0121,
    0.0839,
    0.1084,
    -0.226,
    -0.3314,
    0.2062,
    0.5415,
    -0.0195,
    -0.5905,
    -0.2055,
    0.4432,
    0.3081,
    -0.2069,
    -0.2241,
    0.043,
    0.0339,
    -0.0363,
    0.1099,
    0.1302,
    -0.1125,
    -0.1824,
    0.0164,
    0.0928,
    0.0394,
    0.1059,
    0.0577,
    -0.2715,
    -0.2907,
    0.2712,
    0.5193,
    -0.0954,
    -0.5919,
    -0.1301,
    0.4676,
    0.244,
    -0.2485,
    -0.1787,
    0.0937,
    0.0104,
    -0.0881,
    0.1115,
    0.1764,
    -0.0939,
    -0.2174,
    -0.0201,
    0.1109,
    0.0894,
    0.1099,
    0.0014,
    -0.3007,
    -0.2379,
    0.324,
    0.4804,
    -0.1651,
    -0.5741,
    -0.054,
    0.473,
    0.1725,
    -0.2741,
    -0.1204,
    0.1335,
    -0.0298,
    -0.1356,
    0.131,
    0.2254,
    -0.0917,
    -0.2617,
    -0.044,
    0.1435,
    0.1326,
    0.0964,
    -0.055,
    -0.3118,
    -0.1781,
    0.3611,
    0.4283,
    -0.2236,
    -0.5388,
    0.0171,
    0.459,
    0.0991,
    -0.2812,
    -0.0535,
    0.1583,
    -0.0837,
    -0.1735,
    0.1676,
