{
  "sampleRate": 44100,
  "duration": 0.5,
  "channels": 1,
  "features": {
    "rms": 0.23866350717605628,
    "peak": 0.842555582523346,
    "zeroCrossings": 1094,
    "energy": 0.1863120446418971
  },
  "samples": [
    0,
    0.0214,
    -0.009,
    -0.0425,
    0.0146,
    0.0267,
    0.0161,
    -0.0084,
    -0.073,
    0.028,
    0.0943,
    -0.0732,
    -0.0266,
    0.0773,
    -0.1088,
    0.0101,
    0.2202,
    -0.1504,
    -0.2321,
    0.2291,
    0.1698,
    -0.1581,
    -0.1474,
    -0.0265,
    0.2544,
    0.1777,
    -0.4471,
    -0.1666,
    0.5615,
    0.0113,
    -0.4569,
    0.1283,
    0.1607,
    -0.101,
    0.1314,
    -0.0742,
    -0.2202,
    0.1997,
    0.0885,
    -0.0723,
    0.0736,
    -0.3059,
    -0.0423,
    0.6752,
    -0.1866,
    -0.7894,
    0.4006,
    0.618,
    -0.3765,
    -0.3598,
    0.0925,
    0.2544,
    0.2423,
    -0.3628,
    -0.3679,
    0.5167,
    0.1992,
    -0.4821,
    0.1055,
    0.1833,
    -0.2944,
    0.2164,
    0.2507,
    -0.4526,
    -0.0919,
    0.3905,
    0.0519,
    -0.1388,
    -0.2552,
    -0.0535,
    0.5929,
    0.023,
    -0.8122,
    0.1669,
    0.739,
    -0.295,
    -0.4315,
    0.1961,
    0.1249,
    0.0784,
    -0.0216,
    -0.2992,
    0.1161,
    0.2633,
    -0.2132,
    0.0243,
    0.1198,
    -0.3545,
    0.1683,
    0.4997,
    -0.4552,
    -0.4109,
    0.5187,
    0.2494,
    -0.3119,
    -0.2267,
    0.0069,
    0.4022,
    0.1562,
    -0.6237,
    -0.0786,
    0.6653,
    -0.1197,
    -0.4345,
    0.2213,
    0.0615,
    -0.1181,
    0.2121,
    -0.0868,
    -0.2428,
    0.174,
    0.1025,
    -0.0114,
    -0.001,
    -0.3192,
    0.0863,
    0.5892,
    -0.3066,
    -0.621,
    0.4597,
    0.4388,
    -0.3824,
    -0.236,
    0.1057,
    0.1927,
    0.1651,
    -0.3111,
    -0.2288,
    0.4182,
    0.0616,
    -0.3315,
    0.1702,
    0.0344,
    -0.2665,
    0.2996,
    0.1749,
    -0.4555,
    -0.0327,
    0.3632,
    0.0328,
    -0.1537,
    -0.2381,
    0.0353,
    0.516,
    -0.1051,
    -0.6513,
    0.2671,
    0.5354,
    -0.3296,
    -0.2604,
    0.1892,
    0.0332,
    0.0661,
    0.0093,
    -0.2311,
    0.0833,
    0.1649,
    -0.1316,
    0.0835,
    0.0012,
    -0.3209,
    0.2663,
    0.3814,
    -0.4847,
    -0.2692,
    0.4894,
    0.1439,
    -0.2853,
    -0.1642,
    0.0428,
    0.336,
    0.0528,
    -0.5031,
    0.0383,
    0.4884,
    -0.1851,
    -0.2565,
    0.2152,
    -0.0514,
    -0.079,
    0.2396,
    -0.1024,
    -0.227,
    0.148,
    0.11,
    0.0157,
    -0.0636,
    -0.2838,
    0.1758,
    0.4627,
    -0.365,
    -0.4379,
    0.4559,
    0.2689,
    -0.3437,
    -0.126,
    0.0937,
    0.1302,
    0.1112,
    -0.2429,
    -0.13,
    0.306,
    -0.0171,
    -0.1912,
    0.1769,
    -0.0794,
    -0.2025,
    0.3417,
    0.0884,
    -0.4314,
    0.0273,
    0.3261,
    0.0051,
    -0.1597,
    -0.2031,
    0.098,
    0.4273,
    -0.1876,
    -0.5008,
    0.3175,
    0.3643,
    -0.3267,
    -0.1266,
    0.1592,
    -0.0351,
    0.0763,
    0.034,
    -0.1984,
    0.0529,
    0.1127,
    -0.0632,
    0.1044,
    -0.0936,
    -0.2751,
    0.3448,
    0.2784,
    -0.5132,
    -0.1547,
    0.4744,
    0.0606,
    -0.2684,
    -0.1177,
    0.0649,
    0.2941,
    -0.0131,
    -0.4282,
    0.1129,
    0.373,
    -0.2229,
    -0.1315,
    0.1982,
    -0.1426,
    -0.0295,
    0.2781,
    -0.1437,
    -0.2346,
    0.1585,
    0.1296,
    0.0212,
    -0.1232,
    -0.2668,
    0.2654,
    0.3962,
    -0.4461,
    -0.3312,
    0.4955,
    0.161,
    -0.3416,
    -0.0538,
    0.0816,
    0.0983,
    0.0994,
    -0.2216,
    -0.0882,
    0.2567,
    -0.0605,
    -0.1005,
    0.1812,
    -0.1853,
    -0.1523,
    0.4215,
    0.0079,
    -0.4659,
    0.0957,
    0.335,
    -0.028,
    -0.1833,
    -0.1893,
    0.1592,
    0.3938,
    -0.2701,
    -0.4227,
    0.3795,
    0.255,
    -0.3379,
    -0.0269,
    0.1272,
    -0.0932,
    0.1137,
    0.0556,
    -0.2085,
    0.0308,
    0.098,
    -0.0061,
    0.1087,
    -0.186,
    -0.2336,
    0.4375,
    0.1891,
    -0.5679,
    -0.0518,
    0.4832,
    -0.015,
    -0.2606,
    -0.0813,
    0.079,
    0.2705,
    -0.0609,
    -0.3782,
    0.1674,
    0.2819,
    -0.2421,
    -0.0233,
    0.1628,
    -0.2262,
    0.0401,
    0.3152,
    -0.2058,
    -0.2426,
    0.1879,
    0.1491,
    0.0109,
    -0.1805,
    -0.2373,
    0.3478,
    0.3203,
    -0.5133,
    -0.2198,
    0.5153,
    0.0546,
    -0.3185,
    0.0128,
    0.0517,
    0.0705,
    0.102,
    -0.1976,
    -0.0638,
    0.2008,
    -0.0776,
    -0.0092,
    0.1534,
    -0.2793,
    -0.0734,
    0.479,
    -0.0905,
    -0.4765,
    0.172,
    0.3266,
    -0.0672,
    -0.1957,
    -0.1636,
    0.2077,
    0.3427,
    -0.3307,
    -0.3292,
    0.4099,
    0.1412,
    -0.3155,
    0.0648,
    0.0691,
    -0.1375,
    0.1672,
    0.0669,
    -0.2306,
    0.0127,
    0.0999,
    0.0479,
    0.0884,
    -0.267,
    -0.1653,
    0.5069,
    0.0802,
    -0.592,
    0.0583,
    0.4641,
    -0.0891,
    -0.2333,
    -0.046,
    0.0794,
    0.2417,
    -0.0919,
    -0.3195,
    0.1959,
    0.1874,
    -0.2288,
    0.0759,
    0.0973,
    -0.2898,
    0.1294,
    0.33,
    -0.2776,
    -0.2342,
    0.2247,
    0.1584,
    -0.0122,
    -0.2264,
    -0.1887,
    0.4098,
    0.2267,
    -0.5497,
    -0.101,
    0.5013,
    -0.0465,
    -0.268,
    0.0677,
    0.0044,
    0.0515,
    0.1175,
    -0.176,
    -0.0563,
    0.1459,
    -0.0697,
    0.0733,
    0.0974,
    -0.3521,
    0.0273,
    0.5073,
    -0.1985,
    -0.4597,
    0.2489,
    0.2986,
    -0.1068,
    -0.1945,
    -0.1313,
    0.2401,
    0.2809,
    -0.3659,
    -0.2296,
    0.4075,
    0.0334,
    -0.2617,
    0.139,
    -0.0108,
    -0.1612,
    0.2322,
    0.0627,
    -0.2612,
    0.0036,
    0.1156,
    0.0923,
    0.0478,
    -0.3294,
    -0.0771,
    0.5467,
    -0.0389,
    -0.5826,
    0.1658,
    0.4169,
    -0.1536,
    -0.1877,
    -0.0181,
    0.0663,
    0.2138,
    -0.1056,
    -0.2598,
    0.1989,
    0.0991,
    -0.1858,
    0.1567,
    0.0077,
    -0.3261,
    0.2308,
    0.318,
    -0.3518,
    -0.2065,
    0.263,
    0.1545,
    -0.0429,
    -0.257,
    -0.1277,
    0.4471,
    0.1246,
    -0.5533,
    0.0147,
    0.4547,
    -0.1327,
    -0.1941,
    0.1036,
    -0.056,
    0.0469,
    0.1426,
    -0.1622,
    -0.0633,
    0.0988,
    -0.0403,
    0.1392,
    0.0195,
    -0.3971,
    0.1408,
    0.5026,
    -0.3066,
    -0.4143,
    0.3181,
    0.2516,
    -0.1402,
    -0.1795,
    -0.0987,
    0.255,
    0.2161,
    -0.375,
    -0.1335,
    0.3742,
    -0.0586,
    -0.1818,
    0.1878,
    -0.1052,
    -0.1591,
    0.3017,
    0.0397,
    -0.2948,
    0.007,
    0.1401,
    0.1223,
    -0.0067,
    -0.3682,
    0.022,
    0.554,
    -0.1576,
    -0.5397,
    0.2607,
    0.3446,
    -0.2006,
    -0.1273,
    -0.0035,
    0.0425,
    0.1926,
    -0.104,
    -0.206,
    0.1792,
    0.025,
    -0.119,
    0.2113,
    -0.0973,
    -0.3303,
    0.335,
    0.2775,
    -0.4204,
    -0.1592,
    0.2966,
    0.1365,
    -0.0753,
    -0.2703,
    -0.062,
    0.4584,
    0.0234,
    -0.5251,
    0.1171,
    0.38,
    -0.1954,
    -0.103,
    0.1147,
    -0.1231,
    0.0604,
    0.1722,
    -0.1602,
    -0.0805,
    0.0648,
    0.0048,
    0.183,
    -0.0718,
    -0.4103,
    0.2569,
    0.4642,
    -0.4046,
    -0.3426,
    0.3716,
    0.1884,
    -0.1614,
    -0.1527,
    -0.0716,
    0.2538,
    0.1556,
    -0.3605,
    -0.0495,
    0.3151,
    -0.1264,
    -0.0835,
    0.2055,
    -0.2052,
    -0.1286,
    0.3678,
    -0.003,
    -0.3251,
    0.0244,
    0.1675,
    0.1356,
    -0.0678,
    -0.3813,
    0.1225,
    0.5289,
    -0.2656,
    -0.4671,
    0.3342,
    0.253,
    -0.2241,
    -0.0581,
    -0.0065,
    0.0125,
    0.1823,
    -0.0909,
    -0.164,
    0.1422,
    -0.0284,
    -0.0363,
    0.2353,
    -0.2079,
    -0.3007,
    0.4318,
    0.2097,
    -0.4752,
    -0.0947,
    0.3192,
    0.1062,
    -0.1033,
    -0.2671,
    0.001,
    0.4452,
    -0.0677,
    -0.4693,
